ma_cross_5_10,ma_distance_5_10,ma_cross_5_20,ma_distance_5_20,ma_cross_5_50,ma_distance_5_50,ma_cross_10_20,ma_distance_10_20,ma_cross_10_50,ma_distance_10_50,ma_cross_20_50,ma_distance_20_50,price_position_20,price_deviation_20,price_position_50,price_deviation_50,price_position_100,price_deviation_100,di_plus_20,trend_consistency_20,di_plus_50,trend_consistency_50,momentum_5,returns_momentum_5,momentum_10,returns_momentum_10,momentum_20,returns_momentum_20,rs_20,momentum_50,returns_momentum_50,rs_50,rsi_14,rsi_overbought_14,rsi_oversold_14,rsi_21,rsi_overbought_21,rsi_oversold_21,macd,macd_signal,macd_diff,macd_cross,stoch_k,stoch_d,stoch_overbought,stoch_oversold,volatility_10,vol_change_10,volatility_50,vol_change_50,atr_21,atr_ratio_21,bb_width,bb_percent,bb_position,vol_price_corr_20,vol_price_corr_50,vwap_distance,hammer,doji,gap_up,gap_down,support_distance,price_range,skewness_20,q25_20,q75_20,skewness_50,kurtosis_50,q25_50,q75_50,price_zscore_20,returns_zscore_20,price_zscore_50,returns_zscore_50,price_rank_20,price_rank_50,ensemble_lasso,pca_component_1,pca_component_2,pca_component_4,pca_component_5,pca_component_8,adaptive_ml_factor
ma_cross_5_10,ma_distance_5_10,ma_cross_5_20,ma_distance_5_20,ma_cross_5_50,ma_distance_5_50,ma_cross_10_20,ma_distance_10_20,ma_cross_10_50,ma_distance_10_50,ma_cross_20_50,ma_distance_20_50,price_position_20,price_deviation_20,price_position_50,price_deviation_50,price_position_100,price_deviation_100,di_plus_20,trend_consistency_20,di_plus_50,trend_consistency_50,momentum_5,returns_momentum_5,momentum_10,returns_momentum_10,momentum_20,returns_momentum_20,rs_20,momentum_50,returns_momentum_50,rs_50,rsi_14,rsi_overbought_14,rsi_oversold_14,rsi_21,rsi_overbought_21,rsi_oversold_21,macd,macd_signal,macd_diff,macd_cross,stoch_k,stoch_d,stoch_overbought,stoch_oversold,volatility_10,vol_change_10,volatility_50,vol_change_50,atr_21,atr_ratio_21,bb_width,bb_percent,bb_position,vol_price_corr_20,vol_price_corr_50,vwap_distance,hammer,doji,gap_up,gap_down,support_distance,price_range,skewness_20,q25_20,q75_20,skewness_50,kurtosis_50,q25_50,q75_50,price_zscore_20,returns_zscore_20,price_zscore_50,returns_zscore_50,price_rank_20,price_rank_50,ensemble_lasso,pca_component_1,pca_component_2,pca_component_4,pca_component_5,pca_component_8,adaptive_ml_factor
14401,14401,14401,14401,14401,14401,14401,14401,14401,14401,14401,14401,14401,14401,14401,14401,14401,14401,14401,14401,14401,14401,14401,14401,14401,14401,14401,14401,14401,14401,14401,14401,14401,14401,14401,14401,14401,14401,14401,14401,14401,14401,14401,14401,14401,14401,14401,14401,14401,14401,14401,14401,14401,14401,14401,14401,14401,14401,14401,14401,14401,14401,14401,14401,14401,14401,14401,14401,14401,14401,14401,14401,14401,14401,14401,14401,14401,14401,14401,14401,14401,14401,14401,14401
0.0,0.0,0.0,0.0,0.0,0.0,0.0,0.0,0.0,0.0,0.0,0.0,0.0,0.0,0.0,0.0,0.0,0.0,0.0,0.0,0.0,0.0,0.0,0.0,0.0,0.0,0.0,0.0,0.0,0.0,0.0,0.0,0.0,0.0,0.0,0.0,0.0,0.0,0.0,0.0,0.0,0.0,0.0,0.0,0.0,0.0,0.0,0.0,0.0,0.0,0.0,0.0,0.0,0.0,0.0,0.0,0.0,0.0,0.0,0.0,0.0,0.0,0.0,0.0,0.0,0.0,0.0,0.0,0.0,0.0,0.0,0.0,0.0,0.0,0.0,0.0,0.0,0.0,0.0,0.0,0.0,0.0,0.0,0.0
0.06654099764224808,0.09103873048992997,0.051284690226533244,0.06193634827018462,0.02175662474253767,0.035052808505496975,0.021796321429536695,0.027276790312138807,0.007793056949551787,0.012833792775817176,-0.0018993074093691066,0.002335461242107601,0.35344599625319395,0.38041511746914536,0.2508037031680675,0.24263716996097895,0.19104643135071686,0.17578339973084056,0.15814053542545395,0.2513863444168552,0.09714469737115831,0.1591988350125821,0.43196415392359944,0.43209667552917763,0.30828329749368977,0.3084355490021536,0.21478410364674808,0.21491372333494976,0.18049760407265078,0.14302019306302138,0.1432619377174412,0.1308206484620607,0.33389752500403186,0.14736714199712034,-0.18008274358229162,0.28076243709473275,0.09679547369709408,-0.13687695410914025,0.05859453946886654,0.0052484873931691696,0.17609079717879883,0.12695774656434644,0.4017974525467388,0.13334223015143984,0.31666028495753795,-0.3415360389701195,-0.004468934484719443,0.008867649406347664,0.002093744504820088,-0.018704929224595077,-0.004202573671283693,-0.005326176543706868,0.005865263532306038,0.40063298744179415,0.40063298744179415,0.08866722022046249,0.06843915291795725,0.46628788295333146,-0.004561511407134974,0.0006111665431996113,0.033018880333459275,-0.027007989612777377,0.27750251608152543,-0.0008501992129592711,0.08321373226890567,0.09829082370651444,0.114074922279971,0.07532622867619855,0.001420356920668719,0.044064719116607635,0.0655246711831929,0.4012933131231719,0.8660827724278697,0.28046323635195025,0.9023135827533753,0.3614381786156862,0.24422942418121912,-0.0002502101774189936,0.6341261253285956,0.16791211623355293,0.6547981350264751,0.06755253986621165,-0.003052307753101507,0.06767746846772858
0.07449622272420268,0.09113936862403402,0.0551070899346673,0.06402479029699516,0.02592934362920619,0.037254189885363234,0.028342705900594494,0.03068826052997709,0.012500903538596937,0.016338570971771774,0.0018392890035130408,0.008821231964409726,0.3936636079504042,0.34627237963668417,0.27019283503383473,0.22355427957982257,0.20418761723241105,0.1669522706404042,0.14827302980090062,0.27510670187398306,0.08877853978668493,0.17257471785028752,0.40349801828672777,0.403525157670728,0.28199480993055903,0.2820270214260475,0.19688177562826994,0.19691411366847122,0.20408132108192237,0.1357705132950403,0.13579319727242464,0.1390164509005662,0.34424096281501354,0.1472430289195212,-0.15849556349031313,0.2856845082418275,0.09288421412649348,-0.0979230282264842,0.0585878848416952,0.008765443964144243,0.1618712992460445,0.13343866677621857,0.45173508428240194,0.1581478314567799,0.3561693922393892,-0.3748733427249094,0.0055323273909252055,0.001647965807005949,0.0022669111051061225,-0.0035309534365859777,-0.0014346042957091968,-0.001883891447535056,0.006052340817113246,0.405171282392664,0.405171282392664,0.0482158548685402,0.03509104626913833,0.42955773669617014,-0.008728200915681043,-0.0011355960036312854,0.03596929079856204,-0.028811211456653732,0.33032006524108876,0.005049130969394684,0.0014646733866516299,0.1254705092888628,0.1289998295835839,0.004485492553827501,0.0007020106894201156,0.05961417945171788,0.07747530661014007,0.40571297562011654,0.9426781507733357,0.262852834487598,0.9636919436314627,0.43711318791360826,0.29852781063618244,0.0005515568795040561,0.574648594706877,0.1418266749338584,0.5359908802675617,0.09268445172455475,0.11635934067113696,0.05225841240870836
0.06083101371483369,0.06388521208581734,0.04499852503946128,0.04490405033175982,0.02117299643183699,0.025853775655499792,0.02314366377658531,0.02176406656276453,0.010207801238721689,0.011400677202932863,0.001501899163565169,0.006102370731873821,0.26756320383400656,0.24512349237853576,0.18201263352317523,0.156314056916528,0.13712798665764503,0.11638684221224002,0.10102255098916256,0.224642524718263,0.06057690145863522,0.14091848746814098,0.2867447525744634,0.286761784674429,0.19826830121589203,0.1982847271392846,0.1376750828496939,0.13769742052298567,0.13693807757907697,0.09432668126673995,0.09434099632456536,0.09350188463843204,0.23375905938602767,0.12023351499011066,-0.12942194172869348,0.1939696581711685,0.07584600529799206,-0.07996052491273557,0.04081287244283925,0.006140609094267961,0.11320938517682334,0.10896135497774864,0.30865310568449517,0.10480013714775568,0.2908354865766806,-0.306108479312413,0.0038008585204549394,9.970327676441566e-05,0.0014590169314078593,-0.004118571413701793,-0.0009219276944727624,-0.001168214947232703,0.004249785939837821,0.2796302511628658,0.2796302511628658,0.032322472044884344,0.023540446888045553,0.30470312230098545,-0.007127144037534153,-0.0009272880361618952,0.029371266647715614,-0.02352622905122515,0.23061615362567295,0.003686497363435419,0.0013274644017649707,0.08996135121318675,0.09100327609199385,0.003028869452043473,0.0004640239498878935,0.04155917939289537,0.05283528799385794,0.28001011921753116,0.7843272610159541,0.17915999635044824,0.8294751889370007,0.3076846225087082,0.2048222932184504,0.00045038208481839784,0.41346473674118867,0.09735661773915585,0.3805281501573434,0.06423098369104996,0.07664088187843755,0.03835205689444043
0.0013520076712762376,0.019842508678140948,0.0009911033461728123,0.01822688090746464,0.000917944531742734,0.01484919613905147,0.00037665540987052385,0.015445554856925886,0.0010909380847481179,0.013385999124674778,0.0004912990422508306,0.009997125671402157,0.04262039352858511,0.042462575988700735,0.02690672701255387,0.031018359904107437,0.019187883842373618,0.02243391361602666,0.011996465533263733,0.015182888481600851,0.013402856980193808,0.005536080201209786,0.05896526215013425,0.05860327074239791,0.03796730297213071,0.03724187238893407,0.024625737685576035,0.025036872605620864,0.006013195052766774,0.0187827968213613,0.018402764010586065,0.006945724337200217,0.028284227786634367,0.006355876716642412,0.007326421789148186,0.022267534611824312,0.003708718192639963,0.004814964952272017,0.01564823480218997,0.013379721690856296,0.023063374536336452,0.004447465955443627,0.052981528609242316,0.009138410940320148,0.024899898840271942,0.029898697900505915,0.07110586056015743,0.059945161112323266,0.04069890434069322,0.04700360423900574,0.049983125893619015,0.0503938080325255,0.03519352249590921,0.05449242640459569,0.05449242640459569,0.008649829201119317,0.007397158682516917,0.06352661974041056,0.008251345155549148,0.010213965430657255,0.0004991802754583492,0.00018452149257823253,0.038171926547108624,0.04471919429844278,0.010759221056341209,0.028568856483075562,0.02896552155073909,0.009746969358869779,0.0069836723593169675,0.026880397544260557,0.01930450452775191,0.05466966887540971,0.22040780300030793,0.03247946305895153,0.23455022034346448,0.03805884999779128,0.02099393150195656,0.00026916518273081694,0.09434373174032178,0.07637743219977541,0.08791886902236873,0.025726771443478465,0.011381802331654875,0.014977246571190903
0.0,0.00018408259849579526,0.0,0.00011605429953347028,0.0,6.906775598995181e-05,0.0,6.478276371952153e-05,0.0,3.1749733702876494e-05,0.0,4.3357232891010205e-06,0.0009082062164725848,0.0007493620243980083,0.0006411967529612819,0.0004926098971980403,0.00046244720658884754,0.0003593960864763657,0.0003376746392680348,0.0,0.00019138639409799473,0.0,0.0008673296453993724,0.0008678595840176005,0.0006085669089735947,0.0006071175720078379,0.0004319834008550935,0.00043202945178579975,0.0004343189269871265,0.0003010510739849023,0.0002994949344860645,0.0003028459780976988,0.0007062871051259031,0.0,0.0,0.0005935983366607375,0.0,0.0,0.00012095688620487752,1.683445628720097e-05,0.00033498328397466156,0.0,0.0010059336744133206,0.0003427805979213423,0.0,0.0,1.01435539478556e-05,1.2730660042190229e-05,1.1864356179571263e-05,6.098802461823858e-06,8.984376829944175e-06,2.8543476758602595e-06,9.864496774792574e-06,0.0008822909430753932,0.0008822909430753932,0.00018035153141875593,0.00011408964281360207,0.0009392290270854164,0.0,0.0,0.0,0.0,0.0007123926231707466,1.116390495312246e-06,0.00015176540791919692,0.00021519705701303511,0.00023579685845278166,0.00012161961930835673,7.256588095925301e-06,0.00010574604762933135,0.00013915136637111485,0.000884431822347958,0.001792138249057459,0.0006007488013488189,0.0018421311205760419,0.0008965543865997786,0.0006962250356205132,0.0,0.001236978849085568,0.00030867162909122985,0.0012132421703711191,0.00019404479087767096,0.0001015500018042197,7.543488165462258e-05
-7.344004611137961e-07,9.693686504347009e-05,-7.344004611137961e-07,6.918918604971585e-05,-7.344004611137961e-07,3.436082127964065e-05,-7.344004611137961e-07,3.5038332887727534e-05,-7.344004611137961e-07,1.017836551622562e-05,-7.344004611137961e-07,-5.333710541396705e-06,0.0004322430145909027,0.0003559225784301009,0.0003004384161394097,0.00023498566031098804,0.00021747110111647975,0.0001663222776447683,0.00017343525478824134,-7.344004611137961e-07,9.59696809969585e-05,-7.344004611137961e-07,0.00042455859233477835,0.0004240852870193842,0.0002921827115892248,0.0002922285792343345,0.00020310194942971954,0.00020312806573917787,0.00019707371405522933,0.00013838584297998734,0.00013748363336437376,0.00013353451481624995,0.00032375183151609757,-7.344004611137961e-07,-7.344004611137961e-07,0.0002641154993027187,-7.344004611137961e-07,-7.344004611137961e-07,6.153638242214942e-05,3.848795873075783e-06,0.00017553510928866543,-7.344004611137961e-07,0.0004874078092850232,0.00016938402559487048,-7.344004611137961e-07,-7.344004611137961e-07,8.58910500089896e-06,1.740391410469805e-05,1.4604540067035736e-05,2.483433679122628e-06,1.3219299448154854e-05,6.7050278281003394e-06,5.120919921372535e-06,0.00040962816502450826,0.00040962816502450826,9.284768366014507e-05,5.9500275874940625e-05,0.000445586924172816,-7.344004611137961e-07,-7.344004611137961e-07,-7.344004611137961e-07,-7.344004611137961e-07,0.0002931175858558424,-2.6905825263273135e-06,6.952302642200258e-05,0.000101865457367952,0.00012980047867550268,6.290146995304481e-05,4.180800832760794e-06,4.315872291599072e-05,8.250239070042854e-05,0.00040962816502450826,0.0008966291954884042,0.0002765133018101213,0.0009214486551387035,0.0004810420387236963,0.00033039990138934976,-7.344004611137961e-07,0.0005886932130894943,0.0002249865198145363,0.0005633246203278953,0.00011776341136730146,3.783209771974193e-05,3.878737265174392e-05
-7.344004611137961e-07,-8.714573345232517e-05,-7.344004611137961e-07,-4.686511348375443e-05,-7.344004611137961e-07,-3.470693471031117e-05,-7.344004611137961e-07,-2.9744430831794003e-05,-7.344004611137961e-07,-2.1571368186650873e-05,-7.344004611137961e-07,-9.669433830497725e-06,-0.00047596320188168214,-0.00039343944596790744,-0.0003407583368218722,-0.0002576242368870523,-0.00024497610547236776,-0.00019307380883159741,-0.0001642393844797935,-7.344004611137961e-07,-9.541671310103622e-05,-7.344004611137961e-07,-0.00044277105306459407,-0.0004437742969982162,-0.0003163841973843699,-0.0003148889927735034,-0.000228881451425374,-0.00022890138604662188,-0.00023724521293189715,-0.00016266523100491497,-0.00016201130112169075,-0.00016931146328144888,-0.00038253527360980553,-7.344004611137961e-07,-7.344004611137961e-07,-0.0003294828373580188,-7.344004611137961e-07,-7.344004611137961e-07,-5.94205037827281e-05,-1.2985660414125186e-05,-0.00015944817468599616,-7.344004611137961e-07,-0.0005185258651282974,-0.00017339657232647186,-7.344004611137961e-07,-7.344004611137961e-07,-1.5544489469566396e-06,4.67325406250782e-06,2.7401838874644715e-06,-3.6153687827012295e-06,4.234922618210678e-06,3.85068015224008e-06,-4.743576853420039e-06,-0.00047266277805088484,-0.00047266277805088484,-8.750384775861088e-05,-5.458936693866144e-05,-0.0004936421029126004,-7.344004611137961e-07,-7.344004611137961e-07,-7.344004611137961e-07,-7.344004611137961e-07,-0.00041927503731490425,-3.8069730216395594e-06,-8.224238149719434e-05,-0.00011333159964508313,-0.00010599637977727897,-5.871814935531192e-05,-3.075787263164507e-06,-6.258732471334064e-05,-5.66489756706863e-05,-0.0004748036573234498,-0.0008955090535690549,-0.0003242354995386976,-0.0009206824654373383,-0.00041551234787608237,-0.0003658251342311635,-7.344004611137961e-07,-0.0006482856359960737,-8.368510927669357e-05,-0.0006499175500432238,-7.628137951036948e-05,-6.371790408447777e-05,-3.6647509002878654e-05
0.0007530187398886649,0.0007530187398886649,0.0007530187398886649,0.0007530187398886649,0.0007530187398886649,0.0007530187398886649,0.0007530187398886649,0.0007530187398886649,0.0007530187398886649,0.0007530187398886649,0.0007530187398886649,0.0007530187398886649,0.0007530187398886649,0.0007530187398886649,0.0007530187398886649,0.0007530187398886649,0.0007530187398886649,0.0007530187398886649,0.0007530187398886649,0.0007530187398886649,0.0007530187398886649,0.0007530187398886649,0.0007530187398886649,0.0007530187398886649,0.0007530187398886649,0.0007530187398886649,0.0007530187398886649,0.0007530187398886649,0.0007530187398886649,0.0007530187398886649,0.0007530187398886649,0.0007530187398886649,0.0007530187398886649,0.0007530187398886649,0.0007530187398886649,0.0007530187398886649,0.0007530187398886649,0.0007530187398886649,0.0007530187398886649,0.0007530187398886649,0.0007530187398886649,0.0007530187398886649,0.0007530187398886649,0.0007530187398886649,0.0007530187398886649,0.0007530187398886649,0.0007530187398886649,0.0007530187398886649,0.0007530187398886649,0.0007530187398886649,0.0007530187398886649,0.0007530187398886649,0.0007530187398886649,0.0007530187398886649,0.0007530187398886649,0.0007530187398886649,0.0007530187398886649,0.0007530187398886649,0.0007530187398886649,0.0007530187398886649,0.0007530187398886649,0.0007530187398886649,0.0007530187398886649,0.0007530187398886649,0.0007530187398886649,0.0007530187398886649,0.0007530187398886649,0.0007530187398886649,0.0007530187398886649,0.0007530187398886649,0.0007530187398886649,0.0007530187398886649,0.0007530187398886649,0.0007530187398886649,0.0007530187398886649,0.0007530187398886649,0.0007530187398886649,0.0007530187398886649,0.0007530187398886649,0.0007530187398886649,0.0007530187398886649,0.0007530187398886649,0.0007530187398886649,0.0007530187398886649
0.0,0.24445951839526886,0.0,0.1541187401931446,0.0,0.091721164867907,0.0,0.08603074570109606,0.0,0.04216327167046433,0.0,0.005757789360915592,1.2060871374952298,0.995143924982269,0.8515017210011053,0.6541801300600747,0.6141244328889094,0.47727376151289813,0.4484279359607446,0.0,0.25415887276097743,0.0,1.1518035335051668,1.1525072857362288,0.8081696732588253,0.806244970872307,0.5736688583858657,0.5737300134783844,0.5767704095270475,0.3997922734690682,0.39772573857902305,0.40217588494872664,0.9379409405273617,0.0,0.0,0.7882915858754086,0.0,0.0,0.16062931743605902,0.022355959281557817,0.4448538478925364,0.0,1.3358680483330994,0.4552085887955763,0.0,0.0,0.013470519936004966,0.016906166298162086,0.015755724992083768,0.008099137695730622,0.011931146403172556,0.003790540028634984,0.013099935303404343,1.1716719602567147,1.1716719602567147,0.23950470534826426,0.15150969925459015,1.247285063880725,0.0,0.0,0.0,0.0,0.94604899643809,0.0014825534029568855,0.2015426706932097,0.28577915211625726,0.3131354453245674,0.1615094191763918,0.009636663354484643,0.14042950331483925,0.18479137237897772,1.1745150226656016,2.3799384452536065,0.7977873185966669,2.4463283886512626,1.190613644930451,0.9245786309693319,0.0,1.6426933136729869,0.4099122807180967,1.6111712844629855,0.25768919231194803,0.13485720397773107,0.10017663261046565
{0: -7.344004611137961e-07},"{0: -8.714573345232517e-05, 1: -3.5265502215337515e-05, 2: -7.043711665375375e-06, 3: 2.887389318600835e-05, 4: 9.693686504347009e-05}",{0: -7.344004611137961e-07},"{0: -4.686511348375443e-05, 1: -3.455646062512926e-05, 2: -2.3112875810824503e-05, 3: 3.1681508869170906e-05, 4: 6.918918604971585e-05}",{0: -7.344004611137961e-07},"{0: -3.470693471031117e-05, 1: -1.2178078885836747e-05, 2: -7.758234239032057e-06, 3: 1.6619781437633976e-05, 4: 3.436082127964065e-05}",{0: -7.344004611137961e-07},"{0: -2.9744430831794003e-05, 1: -3.8950695938936286e-06, 2: -1.319221084010803e-05, 3: 8.127123371107369e-06, 4: 3.5038332887727534e-05}",{0: -7.344004611137961e-07},"{0: -2.1571368186650873e-05, 1: 8.278386179647162e-06, 2: -5.635592418454914e-06, 3: 5.083739859139094e-06, 4: 1.017836551622562e-05}",{0: -7.344004611137961e-07},"{0: -9.669433830497725e-06, 1: 5.397499554116285e-06, 2: 1.3063674667974288e-06, 3: 4.631086087528851e-06, 4: -5.333710541396705e-06}","{0: -0.00047596320188168214, 1: -4.932658695131201e-06, 2: 4.059009057720414e-05, 3: 4.390753103137479e-06, 4: 0.0004322430145909027}","{0: -0.00039343944596790744, 1: -8.804491668091217e-05, 2: 2.3343620008265747e-05, 3: 9.869087824723674e-05, 4: 0.0003559225784301009}","{0: -0.0003407583368218722, 1: 3.056357775767569e-05, 2: 1.0923346604131613e-05, 3: -4.839005984913762e-06, 4: 0.0003004384161394097}","{0: -0.0002576242368870523, 1: -4.6399691773222636e-05, 2: 1.1016060908961837e-05, 3: 5.444348301593528e-05, 4: 0.00023498566031098804}","{0: -0.00024497610547236776, 1: 1.6304587579518923e-05, 2: 7.875060162508243e-07, 3: 6.740908454549266e-06, 4: 0.00021747110111647975}","{0: -0.00019307380883159741, 1: -3.248414438129333e-05, 2: 1.1836683784173959e-06, 3: 5.4447455397056195e-05, 4: 0.0001663222776447683}","{0: -0.0001642393844797935, 1: -4.007467107593453e-05, 2: -1.4385852150627275e-05, 3: 4.159265061254499e-05, 4: 0.00017343525478824134}",{0: -7.344004611137961e-07},"{0: -9.541671310103622e-05, 1: -3.0890044707422725e-05, 2: -3.181035614956102e-06, 3: 2.9846110120887562e-05, 4: 9.59696809969585e-05}",{0: -7.344004611137961e-07},"{0: -0.00044277105306459407, 1: -0.00011761314110717426, 2: 3.0645387725242788e-06, 3: 0.0001292438647838402, 4: 0.00042455859233477835}","{0: -0.0004437742969982162, 1: -0.00011656336076448396, 2: 2.9853938474244373e-06, 3: 0.00012975009948297723, 4: 0.0004240852870193842}","{0: -0.0003163841973843699, 1: -7.981566586922413e-05, 2: 1.524239385235236e-05, 3: 8.521790362840502e-05, 4: 0.0002921827115892248}","{0: -0.0003148889927735034, 1: -8.16282034091761e-05, 2: 1.531341882359582e-05, 3: 8.541784943431808e-05, 4: 0.0002922285792343345}","{0: -0.000228881451425374, 1: -4.19673464546344e-05, 2: 5.185697160394581e-06, 3: 5.897042229980648e-05, 4: 0.00020310194942971954}","{0: -0.00022890138604662188, 1: -4.2947229721439564e-05, 2: 7.677767953413048e-06, 3: 5.74529253094849e-05, 4: 0.00020312806573917787}","{0: -0.00023724521293189715, 1: -4.169757351889579e-05, 2: 2.1630606330941118e-05, 3: 5.656646375905352e-05, 4: 0.00019707371405522933}","{0: -0.00016266523100491497, 1: -1.8664197278763607e-05, 2: 3.422800773591604e-06, 3: 3.5906451680009304e-05, 4: 0.00013838584297998734}","{0: -0.00016201130112169075, 1: -1.9814834026159574e-05, 2: 2.4242737230751215e-06, 3: 3.830332144054246e-05, 4: 0.00013748363336437376}","{0: -0.00016931146328144888, 1: -1.6263137890691344e-05, 2: 4.196568883938898e-06, 3: 4.417151516638242e-05, 4: 0.00013353451481624995}","{0: -0.00038253527360980553, 1: -8.22312070709255e-05, 2: 2.9420025574664903e-05, 3: 0.00010792262128439962, 4: 0.00032375183151609757}",{0: -7.344004611137961e-07},{0: -7.344004611137961e-07},"{0: -0.0003294828373580188, 1: -5.885182836805078e-05, 2: 2.3976722304825877e-05, 3: 9.6570441812956e-05, 4: 0.0002641154993027187}",{0: -7.344004611137961e-07},{0: -7.344004611137961e-07},"{0: -5.94205037827281e-05, 1: -1.0966000640000498e-05, 2: -1.0214396247025366e-05, 3: 1.5409601396041017e-05, 4: 6.153638242214942e-05}","{0: -1.2985660414125186e-05, 1: 1.822683103031968e-05, 2: -1.619105171438819e-05, 3: 3.427969936458563e-06, 4: 3.848795873075783e-06}","{0: -0.00015944817468599616, 1: -7.700120386389799e-05, 2: -3.6553502988964278e-06, 3: 6.095171198524613e-05, 4: 0.00017553510928866543}",{0: -7.344004611137961e-07},"{0: -0.0005185258651282974, 1: -4.743341058320502e-05, 2: 4.047104093946153e-05, 3: 3.4408423181448684e-05, 4: 0.0004874078092850232}","{0: -0.00017339657232647186, 1: 1.2214274123413295e-05, 2: -1.7458107145957787e-05, 3: 5.584377448576898e-06, 4: 0.00016938402559487048}",{0: -7.344004611137961e-07},{0: -7.344004611137961e-07},"{0: -1.5544489469566396e-06, 1: 4.179400532205346e-06, 2: -1.1150338662475311e-05, 3: -3.7357202292413354e-06, 4: 8.58910500089896e-06}","{0: 4.67325406250782e-06, 1: -9.153996629175191e-07, 2: -1.4498009577405239e-05, 3: -1.034241792121595e-05, 4: 1.740391410469805e-05}","{0: 2.7401838874644715e-06, 1: -8.033792348736159e-06, 2: 8.06382676430622e-06, 3: -2.104676067563925e-05, 4: 1.4604540067035736e-05}","{0: -3.6153687827012295e-06, 1: -1.8649181411201859e-07, 2: 4.315995892227969e-06, 3: -6.6668173340386466e-06, 4: 2.483433679122628e-06}","{0: 4.234922618210678e-06, 1: -3.959885016060228e-06, 2: -3.906144532141165e-06, 3: -1.3260194823733118e-05, 4: 1.3219299448154854e-05}","{0: 3.85068015224008e-06, 1: -7.530970025569589e-06, 2: 1.7909426193359518e-07, 3: -6.875834522273405e-06, 4: 6.7050278281003394e-06}","{0: -4.743576853420039e-06, 1: 1.0899690681531429e-06, 2: -7.162818940793599e-06, 3: 2.023504499118979e-06, 4: 5.120919921372535e-06}","{0: -0.00047266277805088484, 1: -3.081420634675021e-05, 2: 3.706353301482243e-05, 3: 5.3113284052735426e-05, 4: 0.00040962816502450826}","{0: -0.00047266277805088484, 1: -3.081420634675021e-05, 2: 3.706353301482243e-05, 3: 5.3113284052735426e-05, 4: 0.00040962816502450826}","{0: -8.750384775861088e-05, 1: -1.268321192782346e-05, 2: 6.048859464862327e-06, 3: -2.3490021652450136e-06, 4: 9.284768366014507e-05}","{0: -5.458936693866144e-05, 1: -2.462058863893116e-05, 2: -1.0915782662173906e-05, 3: 2.696862449824179e-05, 4: 5.9500275874940625e-05}","{0: -0.0004936421029126004, 1: -9.682129511301772e-05, 2: 1.1003272308695925e-05, 3: 0.0001303764233271557, 4: 0.000445586924172816}",{0: -7.344004611137961e-07},{0: -7.344004611137961e-07},{0: -7.344004611137961e-07},{0: -7.344004611137961e-07},"{0: -0.00041927503731490425, 1: -7.42651397661698e-05, 2: 5.614390765327126e-05, 3: 0.00014060668126639143, 4: 0.0002931175858558424}","{0: -3.8069730216395594e-06, 1: -1.628974994062195e-05, 2: 2.3401165150047512e-05, 3: -4.285861967027668e-06, 4: -2.6905825263273135e-06}","{0: -8.224238149719434e-05, 1: -2.1439186881235512e-05, 2: 1.197568156073214e-05, 3: 1.8543572695354598e-05, 4: 6.952302642200258e-05}","{0: -0.00011333159964508313, 1: -4.719816672736258e-05, 2: 2.9039617565559815e-05, 3: 2.6026364065140137e-05, 4: 0.000101865457367952}","{0: -0.00010599637977727897, 1: -5.494162144848942e-05, 2: 1.1181217556450563e-05, 3: 1.6368148696001302e-05, 4: 0.00012980047867550268}","{0: -5.871814935531192e-05, 1: -1.6639035989464502e-05, 2: -1.552263499363229e-05, 3: 2.4321346522281613e-05, 4: 6.290146995304481e-05}","{0: -3.075787263164507e-06, 1: -9.346682388823807e-06, 2: 1.5284690676589046e-05, 3: -1.071720155707136e-05, 4: 4.180800832760794e-06}","{0: -6.258732471334064e-05, 1: -2.6347088314784285e-05, 2: 2.5186479337958227e-05, 3: 1.6986865958035787e-05, 4: 4.315872291599072e-05}","{0: -5.66489756706863e-05, 1: -2.5381476650735947e-05, 2: -1.9199459061192275e-05, 3: 1.520924499233125e-05, 4: 8.250239070042854e-05}","{0: -0.0004748036573234498, 1: -2.9868977997265796e-05, 2: 3.8437392635805485e-05, 3: 5.3113284052735426e-05, 4: 0.00040962816502450826}","{0: -0.0008955090535690549, 1: -0.0003181647533851049, 2: -1.1875417781772209e-06, 3: 0.00031487067924106907, 4: 0.0008966291954884042}","{0: -0.0003242354995386976, 1: 1.1936261816655284e-05, 2: 1.35818942647969e-05, 3: 1.8649337047736923e-05, 4: 0.0002765133018101213}","{0: -0.0009206824654373383, 1: -0.0003134919123059901, 2: 1.8267772032125917e-06, 3: 0.0003075472588050935, 4: 0.0009214486551387035}","{0: -0.00041551234787608237, 1: -1.9209470413604692e-06, 2: 2.655664396531555e-05, 3: 3.948712876357525e-05, 4: 0.0004810420387236963}","{0: -0.0003658251342311635, 1: 2.6645225322027814e-05, 2: 1.5381377521739744e-05, 3: 8.318099445389007e-06, 4: 0.00033039990138934976}",{0: -7.344004611137961e-07},"{0: -0.0006482856359960737, 1: -0.00011583292010806903, 2: 2.5432401708063735e-05, 3: 0.00014655486887521846, 4: 0.0005886932130894943}","{0: -8.368510927669357e-05, 1: -3.528599626674289e-05, 2: -9.05914637944253e-05, 3: -1.9098350822006623e-05, 4: 0.0002249865198145363}","{0: -0.0006499175500432238, 1: -0.0001107706003647758, 2: 3.9445634647114415e-05, 3: 0.00015448525534432728, 4: 0.0005633246203278953}","{0: -7.628137951036948e-05, 1: -2.960900007991424e-05, 2: -2.24555078227484e-05, 3: 6.929163278942104e-06, 4: 0.00011776341136730146}","{0: -6.371790408447777e-05, 1: -5.2943862909933176e-05, 2: 1.560333280558836e-05, 3: 5.958187625965406e-05, 4: 3.783209771974193e-05}","{0: -3.6647509002878654e-05, 1: -2.3022277287809316e-05, 2: 1.7149947289092374e-06, 3: 1.5508736918261592e-05, 4: 3.878737265174392e-05}"
0.04098224447918551,-0.10263529493731913,0.05321511492490492,-0.12946490109903844,0.004861294277523549,-0.1697522954565917,0.053493198878555206,-0.09210310870007368,0.007917003599363627,-0.1418527697631173,0.04459596166859047,-0.11219507307322402,-0.004029356532688414,-0.20923255693514214,-0.0525587727941186,-0.21793426057405965,-0.1095039132292058,-0.41718022064553334,0.5215617201589284,0.049044216594384696,0.01733240873199024,-0.0012500436521679927,-0.14731967109627364,-0.15363127591434705,-0.12471696969604903,-0.1350804899228512,-0.05535969545409105,-0.07107761089912713,4.136024512774314,-0.24068746607734764,-0.2617612998916375,1.484869372058217,0.03070254068113326,4.859438035253472,5.267371275405592,-0.07660342488619776,7.602136846164337,8.853832813529973,-0.176581674696699,-0.18476021200994538,0.04087604248297276,0.04960029824619213,-0.015475815802054139,0.0023827306103495686,1.1007109954000667,1.2330289306715856,2.7207044407681935,4.103005056676737,1.7369110813558328,3.5098757761246966,1.1248023804348377,1.1301274722871395,2.4268646845225854,0.02271139139807167,0.02271139139807167,0.021397677158754767,0.023169129129237638,0.09564402968698259,3.6325469732304216,3.2719796016471707,34.602508416388915,34.602508416388915,2.0368415604132513,2.398787361461129,-0.15546325444703232,-1.525445714259019,1.331722032394361,-0.17752668015423528,3.0610526065482726,-1.2302064508697128,1.0032199441141003,0.021200245705984833,0.01952759998018235,0.015411133022155656,0.02108560180238171,0.04133058655838787,0.023060772177386453,0.0,-0.5739121931789274,1.8761339642801047,-1.2349623390551192,2.408120715321348,-0.18876595339160415,-0.6294191729291713
-1.9985980387145783,5.174270900801505,-1.9974455745673083,4.367734887736397,-2.0002541808988568,3.6873136632014223,-1.997415896575861,4.283530963711526,-2.0002151287113774,3.7847151510490074,-1.998288740324857,3.9614408005000517,-1.3167958431885955,4.92554241385108,-1.25570684239152,3.784725486676499,-1.2424169093475765,3.07865645891376,1.0867010742276015,-1.9978721470844916,1.5867590919619845,-2.0002762535372067,5.593570883144383,5.578729616131146,4.614853079554921,4.608981728871436,4.0706345606682826,4.053173958392126,39.48916695166942,2.630434318608807,2.6196552711252545,4.9493937844476665,0.17324933406218612,21.617140171303475,25.74877610428572,1.1005226833594133,55.800234102950405,76.40096597918765,4.203272869673543,4.21787176881636,3.5013422243760477,-1.9978172850605416,-1.3325227494172238,-1.3667427386059186,-0.7885448364063672,-0.4797062966643746,19.408992546957354,48.0734358161758,7.133790114902562,75.80413372136441,2.3724434637728855,2.3149330668699104,10.967163694020318,-0.8454303076343934,-0.8454303076343934,-0.49909444445059403,0.010683137035002677,2.480308938211058,11.196952517758039,8.707059724194345,1195.49961877243,1195.49961877243,6.723506779229008,12.429600848086181,1.1005769976511104,4.030723803834963,2.9027044708882093,2.8224463968091955,14.785016384789305,2.0466271720184777,1.5902275838239683,-0.8394705879145428,0.5549358037514245,-0.5772926238329452,1.7549753610518515,-1.4966114014077398,-1.4862400789725967,289.00212118719173,5.02924212951415,10.481189324728078,11.914209316599564,16.228226434428073,5.1095969063185445,19.998733706986087
0.22102774494124194,0.00016423465955397464,0.1287740769070301,0.00020063680321425666,0.07482094430150893,0.00021727077175738634,0.10791321883040123,0.00011535041804963342,0.058403448995202,0.00014420247338248245,0.04613031082678535,8.88910402304874e-05,0.114151011873567,0.0005006080648777693,0.07280634513558469,0.0005055604655771858,0.05167369891386435,0.0005067343434661246,1.5370861623348733,0.23391975523259856,0.6130896818151337,0.1454697169876921,0.0007407452749628819,0.0001481541359168739,0.0007419875407327107,7.42059251089403e-05,0.0007444095174028071,3.722626323884959e-05,0.19294905207401586,0.0007492671181168733,1.498975227508157e-05,0.06575185481096618,3.4977740741851733,0.023642305820179402,0.025099089075863987,2.348796336772299,0.008622488005006606,0.008900632779361657,7.685608219895357,5.025782934735054,5.222206993487258,0.16272860023642305,13.514666421832116,7.435060185715953,0.14252138237952858,0.15005562895487098,0.0008449713114820562,0.14363853322046616,0.00016958986562973748,0.0249005825278583,2.029264532224638,1.7311103620975743e-05,0.025714661042679884,0.12513555772665408,0.12513555772665408,0.06334832282192195,0.024846324725428262,0.0004963049419457304,0.1164314025450247,0.1337320075099089,0.001668868646130311,0.001668868646130311,0.0005110217754309126,0.00021201330119053333,0.15444688307452048,3.61148853104817e-05,3.681670964012891e-05,0.06702923943047066,0.18008509937959855,1.4119014478336434e-05,1.4628060484824366e-05,0.48776926304670776,1.082029653611135,0.33542042937659683,1.0808036575706739,0.12646391071552746,0.08343578332522077,4.9487495468115794e-11,1.5679656313301098,0.47001715164225866,1.2844313254365074,0.7449058577545927,0.23200096073393056,0.00023989697307934819
0.493437955697521,0.49322963683077564,0.4951045066314839,0.4945489896534963,0.4951739462537324,0.493437955697521,0.49753489341017987,0.4969793764321922,0.4967016179431984,0.494965627386987,0.4979515311436706,0.4962155405874592,0.4866328727171724,0.4956600236094716,0.490382612318589,0.4955905839872231,0.49072981042983127,0.4967710575654468,0.4951045066314839,0.4962155405874592,0.49413235192000554,0.4973265745434345,0.4893410179848622,0.4896882160961044,0.4962155405874592,0.4966321783209499,0.49927088396639124,0.49954864245538505,0.4951045066314839,0.4950350670092355,0.4950350670092355,0.494201791542254,0.4953128254982293,0.028609124366363446,0.028123047010624264,0.4951045066314839,0.018401499895840567,0.0168043885841261,0.49461842927574473,0.4964238594542046,0.49399347267550864,0.4953128254982293,0.48510520102770643,0.494965627386987,0.13547670300673564,0.12631067286993958,0.4953822651204777,0.5058676480799944,0.49413235192000554,0.4985070481216582,0.4951045066314839,0.4951045066314839,0.4951045066314839,0.491910284008055,0.491910284008055,0.4896882160961044,0.49371571418651483,0.494965627386987,0.04187209221581835,0.04492743559475036,0.01020762447052288,0.01020762447052288,0.4866328727171724,0.4951045066314839,0.49135476703006736,0.4940629122977571,0.49489618776473854,0.49121588778557046,0.4969793764321922,0.49232692174154574,0.49413235192000554,0.4956600236094716,0.494965627386987,0.4955905839872231,0.491910284008055,0.4951045066314839,0.494201791542254,0.49232692174154574,0.4890632594958683,0.4892715783626137,0.4876050274286508,0.4963544198319561,0.49163252551906117,0.48691063120616623
0.7790745760515791,0.9375469400849287,0.8712983185563131,0.9786686100665942,0.9252773612105976,0.9926124560153119,0.8921455257071698,0.9841490747965321,0.9416657844516785,0.9959376945989028,0.9538661067193673,0.997315982384095,0.8801983738845005,0.9109364074660321,0.9448493561527085,0.9632018984327255,0.9701776328409835,0.9821566052112031,0.9622440940076853,0.7662492155806678,0.9875342868989555,0.8547221521615314,0.7786249588808302,0.7785527177484963,0.8869280627075813,0.8868196134298517,0.9414158519817126,0.9413165786085691,0.9154055618251569,0.9755307231562911,0.9754911753453709,0.9714973473475399,0.9155983792032398,0.674079581032497,0.5988759097342227,0.942342428013999,0.7340190208575199,0.6339183251763382,0.9929714307521172,0.9967144815451077,0.9643487468434712,0.8372610962951003,0.8385386607246023,0.9482405379629107,0.6290726522277917,0.5860165152578126,0.9651369946897886,0.037941417397765256,0.9967763301178072,0.14678608893692996,0.9978086013412806,0.9977975773647828,0.9890002995187763,0.8639022620801602,0.8639022620801602,0.9285000638237167,0.971991975342506,0.8609927299745234,-0.0015724019273589355,0.015737242344143927,-0.0008340283569641418,-0.0008340283569641499,0.941868578605387,0.9826286643978923,0.9171134685792162,0.9610135650830643,0.9518895715154062,0.9638807082821119,0.9623712093686746,0.9895049928442369,0.9861082530834494,0.8635739992585799,-0.008184596503132285,0.9371450154886966,-0.013999957087593676,0.8538007782017162,0.9328824561629132,0.9897088369859599,0.7209474970226788,0.9394120464111433,0.4381761320736586,0.4329384349391568,0.8891100486667025,0.3181757280588239
0.586466730505977,0.7905682807031648,0.7534213598560977,0.9247998408165975,0.8555447652485708,0.9737505934439872,0.789280735424855,0.9418341750545002,0.8861015398119355,0.9847069266116002,0.9091157511210753,0.9896593339424725,0.780661920842991,0.8276202261670269,0.8956978567545347,0.9288557546615244,0.9434555531486329,0.9655277573558607,0.9153752382207376,0.6519912744681691,0.9718265530860776,0.7816513761467893,0.5727024300278548,0.5725890623096462,0.7801438019203976,0.7799758895476353,0.8865135136543543,0.8863480414010205,0.8379561152136941,0.9529461959842752,0.9528875033889819,0.9445450683491652,0.8376492605997443,0.5168695960611904,0.4313722128767502,0.8885206796476344,0.6353482338485881,0.502357293188639,0.9753577731059978,0.9871050548983833,0.8855928899935792,0.7034082414545006,0.7081320920036368,0.8366744112312671,0.4886506705592486,0.42807710101249113,0.9231974164287501,0.0265628362135999,0.9921862210749623,0.09437976724444132,0.9942470884959975,0.9942281234238994,0.9628428305520923,0.7443428610293511,0.7443428610293511,0.8642395267005619,0.9470915888693058,0.7375304927237087,-0.001503705555307142,-0.008701614456625678,-0.0008340863279349375,-0.0008340863279349348,0.8864169069330088,0.9570085551965997,0.840465233914642,0.9269400436730334,0.9089461079289087,0.9313632106815761,0.9273042125448071,0.9798075221163983,0.9727891070409318,0.743732606834957,-0.030319765573053166,0.8777342514276107,-0.028306666164567444,0.7428767552329395,0.8749819708411668,0.979310986338387,0.6453295209410577,0.9161697626293973,0.4240825908065822,0.29693399699044715,0.7892034666629257,0.24018004134773616
0.4099531727925586,0.5964454089388626,0.6460932496723641,0.8477415761651894,0.790803245014579,0.9464906812877929,0.6916846241063784,0.8779726709569693,0.8330300169385845,0.9672086921189116,0.8649153518742743,0.9773954255015289,0.6959084736017617,0.7478280468437581,0.851399262101693,0.8958146474594963,0.9188259128734884,0.9495290018128412,0.8733515250547029,0.5660722383576356,0.9571245417861176,0.7257950588671823,0.37046401532796996,0.3703323173340483,0.6751477178217574,0.674951487176743,0.8332181572629634,0.8330191750768529,0.7671012886474124,0.9311809202785877,0.9311171932825785,0.9192930871527746,0.7692943076419889,0.42292600538592073,0.3410073413738043,0.840409185135321,0.5667073977766861,0.4279963942875896,0.9498563164502373,0.9716874594875852,0.7830822391045298,0.5888582744104629,0.5985283409898927,0.7052198500629185,0.39273531300386055,0.32993104981827004,0.8769134283893907,0.004389221637152761,0.9869133868433367,0.08099385145124058,0.989780742710366,0.9897506575286896,0.9262265897037906,0.6433130314775581,0.6433130314775581,0.8058832100195396,0.9243476795580857,0.6213128638584765,-0.0027034173614121698,0.011802489960090862,-0.0008341443069651135,-0.0008341443069651211,0.8307064317377334,0.9284566421783761,0.7711710889291399,0.8948689156201999,0.8706110988521435,0.9019420515938608,0.8937377241011004,0.9704691648279153,0.9602244608868088,0.642459421022221,-0.012392712902750316,0.8246287222151797,-0.005088686374413334,0.6491194412378368,0.8229741346714671,0.9688030129314286,0.5744820585464073,0.8923875724583499,0.3922365631693039,0.23380922541671345,0.6975362054756399,0.17029302641778615
0.2659361218375544,0.39187087379075225,0.5509842400014268,0.756686552736179,0.7341100404140146,0.9138538102905837,0.6013044427388315,0.7974236435172062,0.7830074086653767,0.9443287327184742,0.8215429878161785,0.9608792696308174,0.6205109266890905,0.6731114265078428,0.8110662829549732,0.8645339671305231,0.8957118808864691,0.9343893698031461,0.8354310999498876,0.49320778315388847,0.9433424475924587,0.6804887302492801,0.17391383093799204,0.17373711834733632,0.5743910931088836,0.5741925728841814,0.7828048204687461,0.782615147847017,0.7000428807429819,0.9114112566228996,0.9113523375551751,0.8949328800830639,0.7068707503738076,0.36157421155590197,0.27268198680022415,0.7954818130496253,0.50235643281127,0.3593554077570387,0.9186057927477942,0.9511330017674742,0.6701531753403615,0.4834673135083371,0.5035219796211148,0.5933957190700458,0.3203392315300901,0.2524812648692851,0.8282224237628637,-0.000640820671095135,0.9811343146371283,0.06061216727986918,0.9846717769745347,0.9846261493698341,0.8825961576749439,0.555584316940233,0.555584316940233,0.7515121263381518,0.9027300091673092,0.5162583447308953,0.015218837377142571,0.007709349013751922,-0.0008342022940563263,-0.0008342022940563149,0.7779578882958368,0.8984139690177113,0.7070116075180165,0.8618734009236935,0.8339385299975147,0.8741234107569685,0.8601207097489191,0.9608878326700158,0.9475262296273369,0.5545384867406709,-0.017094975141311104,0.7763471929427522,-0.007462542403217152,0.5641161485271514,0.7763943771271206,0.9581812937611851,0.5158272167738175,0.8699420792940037,0.36852844841550364,0.18582507310165308,0.6111335674434553,0.1322651580221466
0.14775085060046067,0.21266018165983036,0.4675406504657801,0.6606201988568142,0.6818546895243993,0.8787823227279876,0.5128586897671898,0.7048658424477983,0.7357564856316484,0.9169240411171756,0.7781648561471175,0.94044842661621,0.5541069042606829,0.6011746218439703,0.7731049212249241,0.8339348036098931,0.8731022748980596,0.9195724116682227,0.7988642629532009,0.42923023704789537,0.9296135671652003,0.6396217764301916,-0.030223932887673464,-0.030433482881282847,0.4791522414990747,0.4789659844313885,0.732101538272726,0.7319211608978788,0.6357240130411046,0.8916333884076809,0.8915862376981795,0.8707828691522304,0.650602430266144,0.3174768820013889,0.22670179190616865,0.7536973670371336,0.4637455325786102,0.3250345781466119,0.8832173347098885,0.9261819811701031,0.5550774211751699,0.38723717250583867,0.4225596127134039,0.496154419012417,0.2580732656609715,0.19956260251503513,0.7784599292886749,0.0029989376775649574,0.9748772112863316,0.07550658352585968,0.9789508690593043,0.9788889286870063,0.8346813171994325,0.4801527548692034,0.4801527548692034,0.6991190231032157,0.8802260383102071,0.41884183345598847,-0.0015174885515371276,0.024140388733310026,-0.0008342602892102143,-0.0008342602892102182,0.7252274975358606,0.8668522402246636,0.6448595539985736,0.8306945831812292,0.7959284966715132,0.846344229141686,0.8280259948413468,0.9510639425499582,0.9348785056128391,0.47894975316773586,-0.015714209895852746,0.7306948481347156,-0.007879380958569802,0.492124325152353,0.7341265267992273,0.9474420032433472,0.4553545593978124,0.8406592815783627,0.3491687318940572,0.1463181858938524,0.5348204204664783,0.11965958048858831
0.066799964915212,0.0971055754610227,0.3952086553681287,0.5688217477838827,0.6368168656984127,0.8443232694031264,0.43163101845584967,0.6046356720061768,0.6904441866662107,0.8858066304571408,0.735336969284964,0.916444473465686,0.493247660001873,0.5315431373536806,0.7381306121605066,0.8036972043900877,0.852227880561366,0.9049315406331233,0.764348326434712,0.3744193986221325,0.9162017003960045,0.6037508722790446,-0.01102931901169502,-0.011198383152907039,0.3833032663279037,0.3831351085792129,0.6820453952420055,0.6818671565538472,0.5793740923109832,0.8724191769287495,0.8723784100265136,0.8478972384610666,0.5995461542267612,0.27337931251253816,0.18725230112073607,0.7148432402411302,0.42084450174432947,0.2792735873123345,0.8449525899608126,0.8975884650053629,0.4429745021193882,0.30434028814997405,0.3493534708541113,0.4098318785215603,0.20847162259789406,0.15326530347315642,0.7280748483611348,-0.0013952416211153377,0.9681908124830986,0.04622901087980589,0.9726828794959155,0.9725954459044962,0.7845712019415083,0.41217051310838976,0.41217051310838976,0.6490594122089693,0.8598091496378433,0.3281608937378918,0.006843857985624525,0.013992133484117127,-0.0008343182924285447,-0.0008343182924285436,0.6748110108958408,0.8347354989198068,0.5885610225739315,0.7992434314998801,0.7593112706962837,0.8207809018479816,0.7977931049198377,0.9410315413119471,0.9227001932932982,0.41081378725035406,-0.011536229802716305,0.6876562571509236,0.0006749368664416849,0.42456888846886737,0.6942800691560864,0.9365810969971544,0.4227025579938355,0.8248200617491392,0.33425471440841964,0.1012918662429528,0.4604907613370381,0.10232535247293166
0.02281291205688799,0.029285723430823737,0.3303753670805107,0.48116993071185094,0.5978864872882728,0.8102268118023834,0.35539817091943604,0.5011260210094065,0.6470709116331816,0.851799131047725,0.6933374616782421,0.8892079813493804,0.4338372857964698,0.4618245044464047,0.7036581629683982,0.7727334992467226,0.8319107105908018,0.8899254313826259,0.7319537429545286,0.32099156835412945,0.9030970958393258,0.5717654844913512,-0.002887014853386586,-0.0030134985271087307,0.2834001763904841,0.2832372682347225,0.6309075182979529,0.6307353261586699,0.5295971401936105,0.8527306515976159,0.8526921315783941,0.825558291864922,0.5521937091908893,0.24653639476042427,0.18504183839286653,0.6778771468841664,0.36078318817099353,0.23351251724183214,0.8048063114235628,0.8660878063459051,0.3368287088140913,0.23283288483180672,0.2816278616838406,0.3319915103399035,0.16972555924051408,0.12037727137859044,0.6773634880796939,-0.02098876212198602,0.9612051540221408,0.03410304451732577,0.9660153944523484,0.9658954019730555,0.7338724682182303,0.3482026691029651,0.3482026691029651,0.6000612520044996,0.8396743117519143,0.24134164349599427,0.005644159917151211,0.008872536501936047,-0.0008343763037129647,-0.0008343763037129741,0.6245416896072501,0.8023214399513577,0.5360547418629997,0.7650056789221613,0.7253738923349521,0.7962315146634236,0.7687704235423048,0.9308288852944597,0.910858275595995,0.34671828399827437,-0.014971819687801605,0.6460963424145272,0.003143120042946527,0.360747518916479,0.6552281136581359,0.9255942939226024,0.38510764909512096,0.8100187595787842,0.30930122216261896,0.0689814227546375,0.41996997507544415,0.0796244331692954
0.0010618512770766764,-0.004527344871608358,0.2705393522057283,0.39803502782857336,0.5608961133574935,0.7763995282468643,0.28666406590553034,0.3989443785369084,0.6056370606181889,0.8157623974313044,0.6516104087076386,0.8590946811222064,0.37916609774544674,0.39343413923108506,0.6719942741592007,0.7415205912283317,0.8126687665543786,0.8747659064999992,0.701686938069096,0.2686689468378732,0.890350663528467,0.5361627656858944,-0.004302465208900262,-0.004383765824650134,0.17963041353383005,0.17945379968218864,0.5789724171458392,0.578795885415177,0.4815788965299608,0.8325265739697293,0.8324897690281687,0.802594995992958,0.5078199546728792,0.22352776159340557,0.14528566709303925,0.6423017309277368,0.33504214044111374,0.2106316110756073,0.7636644678073621,0.8323765570302487,0.2389803467179171,0.1718829862649761,0.222055518203209,0.26165131649483275,0.13387314547864557,0.0866143276984758,0.6272727872901795,-0.02033999327344985,0.9539822406114367,0.03344551089791398,0.9590129323251243,0.9588501323917715,0.6840737742807476,0.2905043039436931,0.2905043039436931,0.5532139504738295,0.8193954650197188,0.1611313237911222,-0.005116714398123093,-0.0034070081399159235,-0.0008344343230651556,-0.0008344343230651496,0.5752328771223463,0.7699197954706828,0.4862676780598457,0.7314702327611202,0.6916575229697896,0.7724214866390773,0.7412892946636397,0.9202801178599351,0.8984110618207123,0.2888997677797524,-0.01889491855239318,0.6074301914232971,-0.0059448219532727735,0.30255652667806826,0.6187578055449591,0.9144770563436122,0.3468187523081849,0.7955220369293566,0.27758420522897315,0.028408042111734227,0.3748371663647826,0.054656573569512756
-0.005677856098474813,-0.01619116131856188,0.21848279780836388,0.3202143597520607,0.5280696104207291,0.7428931540480146,0.22153647649861513,0.30290983870826155,0.565587163376193,0.7785847539802033,0.6115461779107718,0.8264616807734813,0.32528559465255685,0.32884724024572387,0.6406521434418272,0.7108290992372048,0.7936971731743929,0.8598092009524987,0.6734254998716005,0.2238478466260544,0.8779949099373381,0.5063916681238819,-0.012550304319506538,-0.012601685619384729,0.07445334474750678,0.07423180029281393,0.5264987801747604,0.5263074495887579,0.4368652684908651,0.8124347524909865,0.8124072509624789,0.7796311830278072,0.46610149348891444,0.19860178240771567,0.14108456668623973,0.6080990929409299,0.30930103271942644,0.21063092817923396,0.7222952027217298,0.7970972258664206,0.15116988869919012,0.11704313995976787,0.16601853394617105,0.19758040977426292,0.10417214767133802,0.05524742455210787,0.5790752258795958,-0.026889462171544625,0.9464725539971618,0.036351791849625975,0.951762639025702,0.9515505420348535,0.636649136091945,0.23638257171430535,0.23638257171430535,0.5088124805498111,0.7996425238301695,0.08975883162893307,-0.006316479655137536,0.006815948601257865,-0.0008344923504867708,-0.0008344923504867734,0.5263989852359701,0.7377367365916809,0.43860981230176893,0.6970089709055548,0.6580808605315588,0.748987864664665,0.714045936725589,0.9099263984601322,0.8861213747941031,0.23467188170379685,-0.029913383071875323,0.5708797587177689,-0.011974231112493697,0.24714812052881616,0.5833477308630739,0.9032245679577572,0.30710437287127434,0.7808259215274975,0.24821491078550662,0.00652896387473895,0.3302186466552849,0.07115780409030198
-0.008389371484257299,-0.016069694409536057,0.1697570283421245,0.24872499018654182,0.49579446198270466,0.7098483189497325,0.16391007943090405,0.21791980974261183,0.5277553687065611,0.741162908690043,0.5720327746070437,0.7916720033864451,0.27763008326597205,0.27078711975879366,0.6112043421340209,0.6816509633992033,0.7751405233151013,0.8455230095555062,0.6466975720426573,0.1798551295208323,0.865844541814447,0.4760605139958123,-0.010257543759668043,-0.01032235913218438,-0.03278784854450807,-0.03307775293727248,0.4757338298527875,0.47553239347175547,0.39276572895428435,0.7935205645119243,0.793510136766396,0.7580913335230918,0.42905116809903915,0.1909306998333921,0.12138274131050263,0.576697708529607,0.2878499256818746,0.17630982106445467,0.6813076637899003,0.7608272670817806,0.07423989731034851,0.07165193838403923,0.11831558719669494,0.1394080822647544,0.07772733837344979,0.027324781077439114,0.5345271882704138,-0.25931930464317254,0.9386495286360207,0.052917263061263965,0.9442981426194477,0.9440323730483832,0.5924404490718823,0.19223053404245594,0.19223053404245594,0.4657814538931471,0.7805959750231356,0.03223759856654121,0.006903404192409216,0.0139704586702001,-0.0008345503859795655,-0.0008345503859795674,0.4798084939792102,0.7060569691252528,0.39333245269167283,0.6626971267218852,0.6258787372766317,0.7273319434811548,0.6874853401965145,0.8994165267735019,0.8737429181629769,0.19043669631001559,-0.014486051693803558,0.5364738925059382,0.000647770234169485,0.20040827102175296,0.550316146423564,0.8918317092888419,0.2702487208273633,0.7670742301327614,0.2575378592475997,0.01268021058751286,0.292198197915905,0.059752126670824794
