ma_cross_5_10,ma_distance_5_10,ma_cross_5_20,ma_distance_5_20,ma_cross_5_50,ma_distance_5_50,ma_cross_10_20,ma_distance_10_20,ma_cross_10_50,ma_distance_10_50,ma_cross_20_50,ma_distance_20_50,price_position_20,price_deviation_20,price_position_50,price_deviation_50,price_position_100,price_deviation_100,adx_20,di_plus_20,trend_consistency_20,adx_50,di_plus_50,trend_consistency_50,momentum_5,returns_momentum_5,momentum_10,returns_momentum_10,momentum_20,returns_momentum_20,rs_20,momentum_50,returns_momentum_50,rs_50,rsi_14,rsi_overbought_14,rsi_oversold_14,rsi_21,rsi_overbought_21,rsi_oversold_21,macd,macd_signal,macd_diff,macd_cross,stoch_k,stoch_d,stoch_overbought,stoch_oversold,volatility_5,volatility_10,volatility_20,vol_change_20,volatility_50,vol_change_50,atr_14,atr_ratio_14,atr_21,atr_ratio_21,bb_width,bb_percent,bb_position,volume_ma_20,volume_ratio_20,vol_price_corr_20,volume_ma_50,volume_ratio_50,vol_price_corr_50,obv_change,vwap_distance,hammer,doji,gap_up,gap_down,support_distance,price_range,skewness_20,kurtosis_20,q25_20,q75_20,skewness_50,kurtosis_50,q25_50,q75_50,price_zscore_20,returns_zscore_20,price_zscore_50,returns_zscore_50,price_rank_20,volume_rank_20,price_rank_50
ma_cross_5_10,ma_distance_5_10,ma_cross_5_20,ma_distance_5_20,ma_cross_5_50,ma_distance_5_50,ma_cross_10_20,ma_distance_10_20,ma_cross_10_50,ma_distance_10_50,ma_cross_20_50,ma_distance_20_50,price_position_20,price_deviation_20,price_position_50,price_deviation_50,price_position_100,price_deviation_100,adx_20,di_plus_20,trend_consistency_20,adx_50,di_plus_50,trend_consistency_50,momentum_5,returns_momentum_5,momentum_10,returns_momentum_10,momentum_20,returns_momentum_20,rs_20,momentum_50,returns_momentum_50,rs_50,rsi_14,rsi_overbought_14,rsi_oversold_14,rsi_21,rsi_overbought_21,rsi_oversold_21,macd,macd_signal,macd_diff,macd_cross,stoch_k,stoch_d,stoch_overbought,stoch_oversold,volatility_5,volatility_10,volatility_20,vol_change_20,volatility_50,vol_change_50,atr_14,atr_ratio_14,atr_21,atr_ratio_21,bb_width,bb_percent,bb_position,volume_ma_20,volume_ratio_20,vol_price_corr_20,volume_ma_50,volume_ratio_50,vol_price_corr_50,obv_change,vwap_distance,hammer,doji,gap_up,gap_down,support_distance,price_range,skewness_20,kurtosis_20,q25_20,q75_20,skewness_50,kurtosis_50,q25_50,q75_50,price_zscore_20,returns_zscore_20,price_zscore_50,returns_zscore_50,price_rank_20,volume_rank_20,price_rank_50
156385,156385,156385,156385,156385,156385,156385,156385,156385,156385,156385,156385,156385,156385,156385,156385,156385,156385,156385,156385,156385,156385,156385,156385,156385,156385,156385,156385,156385,156385,156385,156385,156385,156385,156385,156385,156385,156385,156385,156385,156385,156385,156385,156385,156385,156385,156385,156385,156385,156385,156385,156385,156385,156385,156385,156385,156385,156385,156385,156385,156385,156385,156385,156385,156385,156385,156385,156385,156385,156385,156385,156385,156385,156385,156385,156385,156385,156385,156385,156385,156385,156385,156385,156385,156385,156385,156385,156385,156385,156385
0.0,0.0,0.0,0.0,0.0,0.0,0.0,0.0,0.0,0.0,0.0,0.0,0.0,0.0,0.0,0.0,0.0,0.0,0.0,0.0,0.0,0.0,0.0,0.0,0.0,0.0,0.0,0.0,0.0,0.0,0.0,0.0,0.0,0.0,0.0,0.0,0.0,0.0,0.0,0.0,0.0,0.0,0.0,0.0,0.0,0.0,0.0,0.0,0.0,0.0,0.0,0.0,0.0,0.0,0.0,0.0,0.0,0.0,0.0,0.0,0.0,0.0,0.0,0.0,0.0,0.0,0.0,0.0,0.0,0.0,0.0,0.0,0.0,0.0,0.0,0.0,0.0,0.0,0.0,0.0,0.0,0.0,0.0,0.0,0.0,0.0,0.0,0.0,0.0,0.0
0.07225723206565288,0.10430380538259211,0.052163280467644,0.07416741337598556,0.03330883779901924,0.04897918104661712,0.026307660094472957,0.03689160712186571,0.017067188887634862,0.025754090814005346,0.010182171769111228,0.014859427002563643,0.3387502911931058,0.38138636729415415,0.243456501913672,0.24394179276465563,0.18468369284056463,0.17248050768911513,0.006573904894125284,0.17310684073311056,0.23154838922116824,0.0037548171696228077,0.11064426728580605,0.14982039765957023,0.4441141837591902,0.4446413317328706,0.31500905565050547,0.31559904505011865,0.222020751969718,0.22265377894208932,0.19110376112455585,0.1415999501089319,0.14240383033634374,0.14753817329954164,0.33241457122837625,0.19120738382269353,-0.18388987309403895,0.28372729599642665,0.1593586034537556,-0.13779286286604556,0.06728227719916045,0.014804834777992826,0.17982917040768176,0.1217750354118706,0.3834390521346056,0.1356699979481485,0.2998122389180761,-0.3141255063400757,0.030501413400108295,0.025119098685711206,0.019094983687599817,0.057128460365457455,0.01372007580862915,0.0502400827078802,0.009966868718888532,0.006773545898215531,0.008075351478159354,0.00479314635645056,0.018806893653634558,0.38737400958184726,0.38737400958184726,0.013558604232851459,0.03403191613386689,0.104305012781636,0.007847739985915732,0.04533214096062393,0.0749728632388711,0.020442724860355987,0.4790972205151237,-0.006901832640215115,-0.0012016509606020435,0.05213895324447831,-0.05377975284186984,0.25468997137740845,0.011586107324656338,0.08897247597163238,0.021190263226816376,0.09843762340056796,0.11834687670396869,0.07409954726422692,0.019322467687834122,0.04281681772924794,0.06260022502766988,0.3874402572867124,0.8169240458627978,0.2786238248271853,0.8579089032499361,0.34037472691501625,-0.00035721931331479,0.2348087777492153
0.06271759087856187,0.0733865119725528,0.038559515974231684,0.043726138371280816,0.017734723416461803,0.02083189016582877,0.012682945289526645,0.013981066302217257,0.0031119733934485945,0.003673127858969768,-0.001296010042855201,-0.0021055988155799826,0.37614350153128545,0.32118748785184453,0.2481833453055157,0.19478171622690124,0.17606854324658822,0.13178613790242735,0.004060473940926891,0.12613938050428822,0.26464051036627406,0.000640021719599236,0.06894411858832926,0.1598650917452581,0.38330541452543676,0.383340520843793,0.25848809825178143,0.2585563093409259,0.17698653899810066,0.17704265921696158,0.18781702063109523,0.10809928470712042,0.1081450262125898,0.11574353518890237,0.32136929985928925,0.15033571994135095,-0.1582116048973397,0.259143811317832,0.09942736356190761,-0.10267113348715388,0.03912780075884574,-0.004781907484830979,0.14478405236338504,0.12271516932481658,0.4371073391488932,0.13752364326148278,0.34636666424162166,-0.36103653375679373,0.004312524775162401,0.005671242021946583,0.005330777906104226,-0.004527137633757853,0.004371954672702556,-0.0029781370293178655,0.001489049369942719,0.0006890183700708276,0.0010312429395950332,5.863899334827222e-05,0.004144163398593748,0.3853908143755665,0.3853908143755665,0.00037065782979175065,-0.005478917524673728,0.04510190102031512,-0.00041742184794705026,-0.003922929941415802,0.022847703844116985,0.8340848320043919,0.41390281511354576,-0.009600626530089749,0.0003307285351378932,0.07152521014139017,-0.07437824043976315,0.30244365998658784,0.001296112828355608,-0.010679896065126026,0.0017346236001348943,0.11401055761387825,0.12485159373686025,-0.0015137358943774902,-0.0005450113173135101,0.05204276534127967,0.059598991399714744,0.3854449381024125,0.9396481631654325,0.23993208163598417,0.9584420529261043,0.4227349799817616,-0.008659355634773401,0.2825508956825111
0.0513060021758985,0.051293240698739404,0.03154353639485471,0.0303749336054341,0.01450785569802504,0.014091532345720848,0.010375258512100817,0.009515036780105547,0.0025457437292953776,0.0021072994010459525,-0.0010601984729844578,-0.0018163056942882003,0.25703449291564073,0.23089899738818231,0.16814655303759152,0.13832510797482164,0.11876070530261464,0.09269650446560669,0.0027963008973033,0.08629320160022531,0.21648865032097495,0.0004382656604605691,0.04693023759198101,0.13077732467137937,0.2760632441231957,0.27596867137699943,0.1841065858752664,0.1841117191985791,0.12509808703201916,0.12512244292877328,0.12726980296982393,0.07569184918592557,0.07571461511274759,0.07858562958700202,0.22119764864305566,0.12298184076236131,-0.1294246929993277,0.17830860022756037,0.08133635970055703,-0.08398991932412489,0.02707204864037212,-0.0038530012164899345,0.10197150003348739,0.10038690351779599,0.3002027477151518,0.0919573679567118,0.28334457016450426,-0.2953452281413532,0.0028798776347190333,0.0038496203958152168,0.003584656013788353,-0.0035177491304407733,0.003026052027588832,-0.002954296772055306,0.0009608111507804594,0.0004259866580204721,0.0006705579162682081,1.4741798701971531e-05,0.0028230619376157663,0.2670162969921933,0.2670162969921933,0.00032780620261357,-0.0037457400486952987,0.030320692731065437,-0.00018883011220175566,-0.002786993468175785,0.015270632851058792,0.6204906590378423,0.2971705882475635,-0.00785377369798086,0.0002705518293308137,0.058511057834654955,-0.06084497367303044,0.21469090790944326,0.0009218823851156892,-0.007132780658438351,0.0011918498440196435,0.08261082342167303,0.08976082715035656,-0.0012716205874333715,-0.00039040026280853015,0.03703346433001475,0.042066439684456156,0.2670568337291759,0.7808152969395677,0.1645879462873277,0.8197795320294345,0.29706537427427754,-0.005988225306101614,0.1944454933347957
0.0012984063982627988,0.006891213431302455,0.0010474909454568529,0.013676835388286847,0.0007827753829123775,0.013244168444876024,0.0004302936968026296,0.009723140899266026,0.00039800013087140234,0.008237679559428734,0.000279431201346724,0.005460015964627253,0.017837577959742234,0.022404335580078486,0.013555479710052953,0.023389659012343987,0.009987728415490959,0.015241411512128305,0.004313281583443945,0.010354532606139062,0.006151386448400512,0.0027718884016950896,0.0078055376614908755,0.0036020450397808877,0.014873952130873135,0.020303356381544548,0.02620433113346546,0.018034808764154715,0.019895709382982213,0.01885710603652117,0.0003637520467453005,0.011308686204893765,0.013622957030243908,0.006092293171880038,0.018508856254857254,0.003917694807306232,0.008112629130945162,0.016202407240494102,0.003532642085774848,0.004727921465044915,0.014348244268437692,0.010621657891898263,0.013298127220441939,0.0023820183940293903,0.019868554757158693,0.004311843454407539,0.007908076876439494,0.012422346228017186,0.02387988509032518,0.029833921075431605,0.03180875626773021,0.03230366667822365,0.025813039801149594,0.004999957142060523,0.02968680392182166,0.03287768934258062,0.026649437629589844,0.029459652424725574,0.019239412133002728,0.027508289797823663,0.027508289797823663,0.01008472450000212,0.012515944622263863,0.008268819582549483,0.01017990813164374,0.010468810400998577,0.005662191807157766,6.086132036442444e-06,0.019677406946394527,0.0015042305207335295,0.0040324561732278975,0.00017485519947170905,0.00012612578862385572,0.01095727437008823,0.023813393216587046,0.007407927627441236,0.005689160182452492,0.023387034197191688,0.011479418085794266,0.005299025342102799,0.004466102924153905,0.019105039221510346,0.011542368225937318,0.027517791827925995,0.07371801686235675,0.01929270354468383,0.07839252869392882,0.017870125551063362,0.013254736329086228,0.011879667132484988
0.0,0.0007887576780471711,0.0,0.0005556092871206971,0.0,0.0003602586925981491,0.0,0.0002720374720067231,0.0,0.00018244155915999932,0.0,0.00010096460968297357,0.0031106470126326382,0.0025655273247422008,0.002197710634657922,0.001676957556040905,0.0016376721336088113,0.0012266327039295462,4.836030844472262e-05,0.0011825886028252858,0.0,4.1093599730925506e-05,0.000761580026017063,0.0,0.003021494814428349,0.003021599329791022,0.0021317182878239707,0.0021308427508114703,0.0015549390648935057,0.001556507871602839,0.0015706538721697236,0.0010366759966892736,0.00104151196663233,0.0010565301313644974,0.0024858869100191487,0.0,0.0,0.002069171594449701,0.0,0.0,0.0005067356273149183,0.00011728051758846971,0.001309236128381699,0.0,0.003477130389475244,0.0012276730668198108,0.0,0.0,0.00011320684622075803,0.00012482768688483025,0.00010575721015257326,3.501105365055095e-05,0.0001073695973870157,6.359610702866789e-05,8.308747666419051e-05,5.914648152444868e-05,6.41392867709067e-05,5.553342871518541e-05,9.474973495405044e-05,0.003104754637968125,0.003104754637968125,5.762914686458734e-05,2.597458968216271e-05,0.0007793751352531692,6.744666023751271e-05,3.5860115116396e-05,0.0005272488149356033,0.005329645148216671,0.003262923033505393,0.0,0.0,0.0,0.0,0.0023931961362674984,7.249135588989144e-05,0.0005430048301484059,6.458196741624406e-05,0.000792791213979651,0.0009244465285583381,0.0004683441029506531,6.552443151809962e-05,0.00034892978065498965,0.0004552429667328614,0.0031053390557777244,0.006280795901040378,0.0020669317756517604,0.006441720531249128,0.0033504248890861205,1.282806866507095e-05,0.002319760471091837
9.844742624012835e-06,0.00043365107957901033,9.844742624012835e-06,0.00030815057355050335,9.844742624012835e-06,0.0002020276549358611,9.844742624012835e-06,0.00016092423913810318,9.844742624012835e-06,0.00011228197046694459,9.844742624012835e-06,8.444751308271816e-05,0.0015211666636565492,0.0012881264228066561,0.0010865406341314845,0.0008436459545859994,0.000831365541162128,0.0006243944926057226,3.1940196367789145e-05,0.0006596086123126122,9.844742624012835e-06,2.9963167955230657e-05,0.0004343892122967866,9.844742624012835e-06,0.0015193797073875404,0.001519281431348975,0.0010714795658166613,0.0010712085593613328,0.0007803324823063807,0.0007797343082017402,0.0007752184562691993,0.0005333861750066471,0.0005362383333212788,0.0005222503844034347,0.0012339636576604134,9.844742624012835e-06,9.844742624012835e-06,0.0010315450911734835,9.844742624012835e-06,9.844742624012835e-06,0.0002751754230452878,8.432622881053411e-05,0.0006811564274602208,9.844742624012835e-06,0.001710366118365052,0.0006145687553522475,9.844742624012835e-06,9.844742624012835e-06,0.00010123198587077645,0.00012137331642844785,9.763436875875595e-05,5.0532320232593044e-05,9.721554814529774e-05,6.628773494922859e-05,7.665951631828243e-05,5.415675719088194e-05,5.804429106443379e-05,4.88631843898189e-05,8.073079165882662e-05,0.001545217331078199,0.001545217331078199,5.790915383548953e-05,3.529773659610314e-05,0.00041143974011575854,6.935921624338244e-05,4.336901432283762e-05,0.0003019322852800914,0.0026167159990215347,0.0016400133258432585,9.844742624012835e-06,9.844742624012835e-06,9.844742624012835e-06,9.844742624012835e-06,0.0010647520750442696,6.392251009948762e-05,0.00029242366460166194,4.895733887123538e-05,0.00040071072678948393,0.0005064187863387054,0.0002541094066079864,7.180831299585439e-05,0.00018468239712028526,0.0002612234205889871,0.001545217331078199,0.003163461389641481,0.001032557637248754,0.0032441669447749013,0.0018358468054052327,3.455120151076775e-05,0.0011716702490558836
9.844742624012835e-06,-0.0003551065984681607,9.844742624012835e-06,-0.00024745871357019375,9.844742624012835e-06,-0.000158231037662288,9.844742624012835e-06,-0.00011111323286861991,9.844742624012835e-06,-7.015958869305473e-05,9.844742624012835e-06,-1.6517096600255418e-05,-0.0015894803489760892,-0.0012774009019355448,-0.0011111700005264377,-0.0008333116014549056,-0.0008063065924466833,-0.0006022382113238236,-1.6420112076933473e-05,-0.0005229799905126735,9.844742624012835e-06,-1.113043177569485e-05,-0.0003271908137202765,9.844742624012835e-06,-0.0015021151070408083,-0.001502317898442047,-0.0010602387220073092,-0.0010596341914501375,-0.000774606582587125,-0.0007767735634010989,-0.0007954354159005242,-0.0005032898216826264,-0.000505273633311051,-0.0005342797469610626,-0.0012519232523587353,9.844742624012835e-06,9.844742624012835e-06,-0.0010376265032762174,9.844742624012835e-06,9.844742624012835e-06,-0.00023156020426963055,-3.2954288777935595e-05,-0.0006280797009214782,9.844742624012835e-06,-0.0017667642711101917,-0.0006131043114675633,9.844742624012835e-06,9.844742624012835e-06,-1.1974860349981578e-05,-3.4543704563824048e-06,-8.122841393817325e-06,1.5521266582042095e-05,-1.0154049241717953e-05,2.691627920560705e-06,-6.427960345908093e-06,-4.989724333566737e-06,-6.094995706472908e-06,-6.670244325366508e-06,-1.4018943295223818e-05,-0.0015595373068899262,-0.0015595373068899262,2.800069709021946e-07,9.32314691394043e-06,-0.00036793539513741075,1.9125560058697327e-06,7.508899206441616e-06,-0.0002253165296555119,-0.0027129291491951365,-0.0016229097076621347,9.844742624012835e-06,9.844742624012835e-06,9.844742624012835e-06,9.844742624012835e-06,-0.0013284440612232288,-8.568845790403819e-06,-0.00025058116554674395,-1.5624628545008675e-05,-0.0003920804871901671,-0.0004180277422196327,-0.00021423469634266666,6.2838814777547704e-06,-0.00016424738353470436,-0.00019401954614387437,-0.0015601217246995255,-0.0031173345113988966,-0.0010343741384030065,-0.003197553586474227,-0.0015145780836808879,2.17231328456968e-05,-0.0011480902220359533
0.0028362828272566576,0.0028362828272566576,0.0028362828272566576,0.0028362828272566576,0.0028362828272566576,0.0028362828272566576,0.0028362828272566576,0.0028362828272566576,0.0028362828272566576,0.0028362828272566576,0.0028362828272566576,0.0028362828272566576,0.0028362828272566576,0.0028362828272566576,0.0028362828272566576,0.0028362828272566576,0.0028362828272566576,0.0028362828272566576,0.0028362828272566576,0.0028362828272566576,0.0028362828272566576,0.0028362828272566576,0.0028362828272566576,0.0028362828272566576,0.0028362828272566576,0.0028362828272566576,0.0028362828272566576,0.0028362828272566576,0.0028362828272566576,0.0028362828272566576,0.0028362828272566576,0.0028362828272566576,0.0028362828272566576,0.0028362828272566576,0.0028362828272566576,0.0028362828272566576,0.0028362828272566576,0.0028362828272566576,0.0028362828272566576,0.0028362828272566576,0.0028362828272566576,0.0028362828272566576,0.0028362828272566576,0.0028362828272566576,0.0028362828272566576,0.0028362828272566576,0.0028362828272566576,0.0028362828272566576,0.0028362828272566576,0.0028362828272566576,0.0028362828272566576,0.0028362828272566576,0.0028362828272566576,0.0028362828272566576,0.0028362828272566576,0.0028362828272566576,0.0028362828272566576,0.0028362828272566576,0.0028362828272566576,0.0028362828272566576,0.0028362828272566576,0.0028362828272566576,0.0028362828272566576,0.0028362828272566576,0.0028362828272566576,0.0028362828272566576,0.0028362828272566576,0.0028362828272566576,0.0028362828272566576,0.0028362828272566576,0.0028362828272566576,0.0028362828272566576,0.0028362828272566576,0.0028362828272566576,0.0028362828272566576,0.0028362828272566576,0.0028362828272566576,0.0028362828272566576,0.0028362828272566576,0.0028362828272566576,0.0028362828272566576,0.0028362828272566576,0.0028362828272566576,0.0028362828272566576,0.0028362828272566576,0.0028362828272566576,0.0028362828272566576,0.0028362828272566576,0.0028362828272566576,0.0028362828272566576
0.0,0.2780955659524556,0.0,0.19589347077142513,0.0,0.12701790143636793,0.0,0.09591337979148093,0.0,0.06432417719655362,0.0,0.035597511190599326,1.096733718774215,0.9045386095094261,0.7748559535522828,0.5912518807804902,0.5774008564557787,0.43247897993162554,0.017050594524629353,0.41695016853066197,0.0,0.014488540894446882,0.2685134284558241,0.0,1.0653009584910946,1.0653378079059939,0.7515887581231933,0.7512800664073719,0.5482313152801802,0.5487844359683772,0.5537719500593351,0.36550515580703896,0.36721019378723707,0.37250521041528384,0.8764594581787801,0.0,0.0,0.7295364110253664,0.0,0.0,0.17866188182828335,0.04135007851170722,0.46160281189165947,0.0,1.2259462829517727,0.432845784990792,0.0,0.0,0.03991380730188155,0.044011015292705326,0.03728725821566426,0.012343992395291109,0.03785574427035084,0.022422343222442333,0.029294496256057564,0.020853520303423696,0.022613854357022723,0.0195796512891837,0.033406307030986536,1.0946562197998928,1.0946562197998928,0.02031854732919145,0.00915796881486821,0.27478752392511063,0.023779948737605007,0.012643349517819787,0.18589430146695737,1.8790950948187604,1.150422307024083,0.0,0.0,0.0,0.0,0.843779087638546,0.025558578006836988,0.19144946509922542,0.022769932108184635,0.2795176864454183,0.32593594675200005,0.1651260228528233,0.023102220585482627,0.12302361996546217,0.16050690091904085,1.094862270410919,2.214446260676818,0.7287467088220402,2.271184124990724,1.1812731991635537,0.004522845374161315,0.8178875705902654
{0: 9.844742624012835e-06},"{0: -0.0003551065984681607, 1: -0.0001207721875932923, 2: 1.3995158100834531e-06, 3: 9.005163377845738e-05, 4: 0.00043365107957901033}",{0: 9.844742624012835e-06},"{0: -0.00024745871357019375, 1: -7.829140583182112e-05, 2: -3.1315619607877744e-06, 3: 6.995440604907594e-05, 4: 0.00030815057355050335}",{0: 9.844742624012835e-06},"{0: -0.000158231037662288, 1: -4.4721359632415937e-05, 2: 3.071892192006215e-07, 3: 4.984096132146406e-05, 4: 0.0002020276549358611}",{0: 9.844742624012835e-06},"{0: -0.00011111323286861991, 1: -3.6722558430164705e-05, 2: -3.573061758094273e-06, 3: 3.9707898039754876e-05, 4: 0.00016092423913810318}",{0: 9.844742624012835e-06},"{0: -7.015958869305473e-05, 1: -2.8091817483047837e-05, 2: -5.230463202990527e-06, 3: 4.042313004206571e-05, 4: 0.00011228197046694459}",{0: 9.844742624012835e-06},"{0: -1.6517096600255418e-05, 1: -4.2493390208955176e-05, 2: 4.121101266195182e-06, 3: 1.9665402581948598e-05, 4: 8.444751308271816e-05}","{0: -0.0015894803489760892, 1: -2.4636940572323016e-05, 2: 4.1444060756705885e-05, 3: 0.00010144916164717726, 4: 0.0015211666636565492}","{0: -0.0012774009019355448, 1: -0.00031065513795969045, 2: 1.0956194662706044e-05, 3: 0.0003381971710816995, 4: 0.0012881264228066561}","{0: -0.0011111700005264377, 1: 5.005744342530408e-05, 2: 2.1968379022087625e-05, 3: 1.93453591937745e-06, 4: 0.0010865406341314845}","{0: -0.0008333116014549056, 1: -0.0001986592495182517, 2: 1.4630309865656475e-05, 3: 0.0002229184526475202, 4: 0.0008436459545859994}","{0: -0.0008063065924466833, 1: 4.966151093328022e-05, 2: 8.209766180621752e-06, 3: -3.37392335603497e-05, 4: 0.000831365541162128}","{0: -0.0006022382113238236, 1: -0.0001360955193928411, 2: 1.7970100488610631e-06, 3: 0.0001613656838770143, 4: 0.0006243944926057226}","{0: -1.6420112076933473e-05, 1: -2.288267884778962e-06, 2: 1.7615925635875152e-05, 3: 1.8375131328305723e-05, 4: 3.1940196367789145e-05}","{0: -0.0005229799905126735, 1: -0.00018803196203602763, 2: -2.962194310887554e-05, 3: 0.00013023196079238946, 4: 0.0006596086123126122}",{0: 9.844742624012835e-06},"{0: -1.113043177569485e-05, 1: 3.2653679376191535e-05, 2: 1.6412527304560018e-06, 3: -3.904625792278949e-06, 4: 2.9963167955230657e-05}","{0: -0.0003271908137202765, 1: -0.00011284655278973321, 2: -1.856206224683593e-05, 3: 7.342315375263513e-05, 4: 0.0004343892122967866}",{0: 9.844742624012835e-06},"{0: -0.0015021151070408083, 1: -0.00038221824527651257, 2: 4.378656988823822e-06, 3: 0.00040981088671874464, 4: 0.0015193797073875404}","{0: -0.001502317898442047, 1: -0.0003843493628128112, 2: 9.305119044198894e-06, 3: 0.0004073044067287006, 4: 0.001519281431348975}","{0: -0.0010602387220073092, 1: -0.0002588143078029317, 2: 9.712450393237687e-06, 3: 0.00028710189336759605, 4: 0.0010714795658166613}","{0: -0.0010596341914501375, 1: -0.0002596447075168076, 2: 1.1835706855466863e-05, 3: 0.00028545840952606653, 4: 0.0010712085593613328}","{0: -0.000774606582587125, 1: -0.000173111665536715, 2: 1.4486383899969116e-05, 3: 0.00020212324344185385, 4: 0.0007803324823063807}","{0: -0.0007767735634010989, 1: -0.00016997039913153587, 2: 1.412573066468535e-05, 3: 0.00020210777365963222, 4: 0.0007797343082017402}","{0: -0.0007954354159005242, 1: -0.00016054835112051861, 2: 3.114036428620882e-05, 3: 0.0001988229128657921, 4: 0.0007752184562691993}","{0: -0.0005032898216826264, 1: -0.00012426221306156577, 2: -6.266608378994932e-06, 3: 0.00014967155713142464, 4: 0.0005333861750066471}","{0: -0.000505273633311051, 1: -0.000121718181132926, 2: -7.586239210162909e-06, 3: 0.0001475628761430224, 4: 0.0005362383333212788}","{0: -0.0005342797469610626, 1: -0.00010381367705847857, 2: 7.645959292935583e-06, 3: 0.0001574033964905354, 4: 0.0005222503844034347}","{0: -0.0012519232523587353, 1: -0.00029403188885399756, 2: 3.159306715565988e-05, 3: 0.00032958178779613113, 4: 0.0012339636576604134}",{0: 9.844742624012835e-06},{0: 9.844742624012835e-06},"{0: -0.0010376265032762174, 1: -0.0002246863091404452, 2: 9.803058393238518e-06, 3: 0.00027015488582562096, 4: 0.0010315450911734835}",{0: 9.844742624012835e-06},{0: 9.844742624012835e-06},"{0: -0.00023156020426963055, 1: -6.720418494590224e-05, 2: -4.81563551490897e-06, 3: 7.76278460780979e-05, 4: 0.0002751754230452878}","{0: -3.2954288777935595e-05, 1: -1.5283260494572608e-05, 2: 1.7983340835816303e-06, 3: 1.1336442235658397e-05, 4: 8.432622881053411e-05}","{0: -0.0006280797009214782, 1: -0.0001860439210160414, 2: 5.382158617162732e-06, 3: 0.000176808606300787, 4: 0.0006811564274602208}",{0: 9.844742624012835e-06},"{0: -0.0017667642711101917, 1: -0.0001302792710040588, 2: 5.04443079360815e-05, 3: 0.00019072721523097537, 4: 0.001710366118365052}","{0: -0.0006131043114675633, 1: -2.1589143485750092e-05, 2: 1.1699577438678095e-05, 3: 5.7628918121148496e-05, 4: 0.0006145687553522475}",{0: 9.844742624012835e-06},{0: 9.844742624012835e-06},"{0: -1.1974860349981578e-05, 1: 6.19510025568642e-06, 2: -1.3889940546680068e-05, 3: -3.2339269734284594e-05, 4: 0.00010123198587077645}","{0: -3.4543704563824048e-06, 1: -2.2023963871773014e-05, 2: -1.2035337491964662e-05, 3: -3.463635669250569e-05, 4: 0.00012137331642844785}","{0: -8.122841393817325e-06, 1: -1.534704135311858e-05, 2: -9.288161310977635e-06, 3: -1.565318604712787e-05, 4: 9.763436875875595e-05}","{0: 1.5521266582042095e-05, 1: -2.0716893520111723e-06, 2: 4.032590571808293e-06, 3: -1.879096074267809e-05, 4: 5.0532320232593044e-05}","{0: -1.0154049241717953e-05, 1: -9.562424684691543e-06, 2: -2.181879478054357e-05, 3: -6.457205727170915e-06, 4: 9.721554814529774e-05}","{0: 2.691627920560705e-06, 1: 2.2338930022913172e-06, 2: 1.1321429719394815e-05, 3: -3.33109252582164e-05, 4: 6.628773494922859e-05}","{0: -6.427960345908093e-06, 1: -1.0332743517578338e-06, 2: -1.58068083167096e-05, 3: -4.168280460818447e-06, 4: 7.665951631828243e-05}","{0: -4.989724333566737e-06, 1: -2.501075926454526e-06, 2: -3.1135811067480415e-06, 3: 5.67086300279818e-06, 4: 5.415675719088194e-05}","{0: -6.094995706472908e-06, 1: 7.004503761762177e-06, 2: -1.837280566459962e-05, 3: 8.64221003363562e-06, 4: 5.804429106443379e-05}","{0: -6.670244325366508e-06, 1: 3.819610579127075e-06, 2: 1.415013949860397e-05, 3: -1.0939505045489447e-05, 4: 4.88631843898189e-05}","{0: -1.4018943295223818e-05, 1: -2.822689027945445e-06, 2: -1.5714294402620818e-05, 3: 1.0480852082918415e-06, 4: 8.073079165882662e-05}","{0: -0.0015595373068899262, 1: -8.080984136355652e-05, 2: 2.2494386162642436e-05, 3: 0.00012180896725993925, 4: 0.001545217331078199}","{0: -0.0015595373068899262, 1: -8.080984136355652e-05, 2: 2.2494386162642436e-05, 3: 0.00012180896725993925, 4: 0.001545217331078199}","{0: 2.800069709021946e-07, 1: -1.1136625476652402e-05, 2: -1.3673524413793777e-05, 3: 1.5844396396795257e-05, 4: 5.790915383548953e-05}","{0: 9.32314691394043e-06, 1: 1.1532588690250717e-05, 2: 1.8812441132101075e-06, 3: -8.811019870094311e-06, 4: 3.529773659610314e-05}","{0: -0.00036793539513741075, 1: -2.1479767743741515e-05, 2: -2.2755746348975845e-05, 3: 4.995383991934686e-05, 4: 0.00041143974011575854}","{0: 1.9125560058697327e-06, 1: -1.4468644906161994e-05, 2: 6.526858434022417e-06, 3: -1.4106526267900415e-05, 4: 6.935921624338244e-05}","{0: 7.508899206441616e-06, 1: 1.0827304354537095e-05, 2: -3.4020745034873577e-06, 3: -9.079504942728508e-06, 4: 4.336901432283762e-05}","{0: -0.0002253165296555119, 1: -4.1573347809259485e-05, 2: -1.1450543010247212e-05, 3: 2.5631167454114884e-05, 4: 0.0003019322852800914}","{0: -0.0027129291491951365, 1: -0.0014333274885739858, 2: 0.00023570272208976574, 3: 0.001343068850994098, 4: 0.0026167159990215347}","{0: -0.0016229097076621347, 1: -0.0004029236470453893, 2: 2.4394138291559726e-05, 3: 0.0004106500688715167, 4: 0.0016400133258432585}",{0: 9.844742624012835e-06},{0: 9.844742624012835e-06},{0: 9.844742624012835e-06},{0: 9.844742624012835e-06},"{0: -0.0013284440612232288, 1: -0.0002387317276418964, 2: 0.00013046930176791345, 3: 0.00042117017759266725, 4: 0.0010647520750442696}","{0: -8.568845790403819e-06, 1: -2.14526782986035e-06, 2: -3.0674072843340865e-06, 3: -9.178942839842708e-07, 4: 6.392251009948762e-05}","{0: -0.00025058116554674395, 1: -2.1305346501807566e-05, 2: -2.4033073524431144e-05, 3: 5.271855093711339e-05, 4: 0.00029242366460166194}","{0: -1.5624628545008675e-05, 1: -2.6444283784397257e-05, 2: 1.7044970790065338e-05, 3: 2.5290545996570642e-05, 4: 4.895733887123538e-05}","{0: -0.0003920804871901671, 1: -0.00012176412495918839, 2: 3.205286682903317e-05, 3: 0.0001303376562759649, 4: 0.00040071072678948393}","{0: -0.0004180277422196327, 1: -0.00014444102271636325, 2: -1.336159846410185e-05, 3: 0.00011873118058173492, 4: 0.0005064187863387054}","{0: -0.00021423469634266666, 1: -3.170671438539706e-05, 2: -9.360376386313784e-06, 3: 5.0415479593171706e-05, 4: 0.0002541094066079864}","{0: 6.2838814777547704e-06, 1: -2.5847820363580343e-07, 2: -1.3752298818126538e-05, 3: -1.4858027355756414e-05, 4: 7.180831299585439e-05}","{0: -0.00016424738353470436, 1: -5.9155301771544235e-05, 2: 7.733310599020623e-06, 3: 8.024753401901715e-05, 4: 0.00018468239712028526}","{0: -0.00019401954614387437, 1: -6.294472026001083e-05, 2: -3.262216679067801e-05, 3: 7.760833881872523e-05, 4: 0.0002612234205889871}","{0: -0.0015601217246995255, 1: -8.05609034461738e-05, 2: 2.28804597104719e-05, 3: 0.00012180896725993925, 4: 0.001545217331078199}","{0: -0.0031173345113988966, 1: -0.0011391885062154712, 2: 1.085498814058793e-05, 3: 0.0011314303852523124, 4: 0.003163461389641481}","{0: -0.0010343741384030065, 1: -3.551698904228323e-05, 2: 2.840024079839454e-05, 3: 5.815755578156781e-05, 4: 0.001032557637248754}","{0: -0.003197553586474227, 1: -0.0011206689553155725, 2: 7.601276465296352e-06, 3: 0.0011156779619407224, 4: 0.0032441669447749013}","{0: -0.0015145780836808879, 1: -3.885178782732065e-05, 2: 2.3590628857508465e-05, 3: 9.521399729481438e-05, 4: 0.0018358468054052327}","{0: 2.17231328456968e-05, 1: 9.224103604436945e-06, 2: 4.879553346690259e-06, 3: -1.352431789571752e-05, 4: 3.455120151076775e-05}","{0: -0.0011480902220359533, 1: 4.8945094230094456e-06, 2: 2.079203268048883e-05, 3: 2.6171578176339793e-05, 4: 0.0011716702490558836}"
0.02531160228783369,0.4191256394240944,0.010320919343623527,0.5887036916047703,0.0014195874624061719,0.7851954902744038,0.01356951877612254,0.5340296828534749,0.004182036018813988,0.7771343819549787,0.00768628964343868,0.7433282865497992,-0.014483062807031712,0.5703048006023971,-0.01706427396703298,0.77239977282855,-0.02136982237422774,0.7371766471825292,1.0838573617952163,0.6113133981647163,0.00326121795467833,1.2347329205780386,0.5475326619590661,0.0019055727443591324,0.48544888824283033,0.3873785248016575,0.633074063263382,0.5073272481250902,0.8008322297557915,0.628299487346483,15.190099736974846,1.0036874269058709,0.7207481420845084,1.6960932041332506,0.00721809320138708,4.874697271865486,4.83902284787478,0.0123236926523988,7.448499811479128,7.512322829354589,0.8012411743592383,0.8202507332297473,0.37495256227269796,0.02779333891338574,-0.008219718127899294,0.0022740982262826497,1.4605142242088556,1.5169529801722939,4.776724104720722,4.066931107909791,3.4344006266943214,12.044879189870079,2.6792306288207928,18.861293539199075,2.3737369608638472,2.4181147502670526,2.1851008477724587,2.1856429093221257,3.9626477030890555,-0.005618401995372021,-0.005618401995372021,6.37723882603608,4.1260777303602785,0.10070501745178578,4.971676834196992,6.447095319055715,0.19368665844466276,-258.4499009681489,0.2536690016840057,4.408244404232675,2.7580193613204402,14.677313668537048,14.268636043448495,3.6754248942511043,3.8571208709764737,0.2437591814522137,2.909035304109447,-2.4437466917311528,2.6931662856778753,0.49250474251215504,3.843554156371544,-2.071359000411516,2.260491557129834,-0.005755448429953635,0.028764839554848747,0.004971238057538062,0.06960905361783716,0.011191819077800176,0.031906323416407464,0.009236663561146543
-1.9993848929873044,19.246313197791498,-1.9999190556529631,16.959391159193373,-2.000023563137039,14.191003346291728,-1.999841444196676,16.053162112483786,-2.0000080887424376,14.111795985892728,-1.9999664985873227,14.015606387531596,-1.1852864859422887,18.44453024514465,-1.153698191138147,14.479549255142322,-1.1655389978843007,12.198278181007954,1.2516946672524525,1.2451662153257286,-2.000014942712808,1.7536693552732259,1.6130511607235003,-2.0000219471374505,20.363737452115892,20.665006338162584,16.366147730683153,16.074353749049905,14.450501649366329,13.665896553233823,877.8325904954761,13.489555729198488,11.586977314679062,8.450568142117717,0.19633289920798447,21.762951817479482,21.416416015571645,0.486506775603444,53.480833405164056,54.435690467621114,17.398644038522026,16.791016992850516,14.351230568197193,-1.9992530988242179,-1.200305220374833,-1.2517138029979242,0.13310350120690506,0.3011501952849396,60.57594899726772,38.69890568197676,24.70598422713706,472.9350147384816,13.382117304036138,1029.214426544993,8.833934207122798,11.178530140049014,7.05108383091974,8.61765115171536,29.073861828623695,-0.6928762417736984,-0.6928762417736984,66.67141076486345,27.729228899651,-0.4134521948123697,38.40607254210577,71.6555866203538,-0.04425615683446704,88555.63467287584,11.337782170963651,17.432841675031757,5.606742501606313,213.4262660223801,201.59655274853728,24.338636402427177,31.47968191796704,2.6511820893570577,12.170367212453467,10.861249972364964,14.64123318166371,6.022532750217001,18.981233854947543,6.8323981560903775,9.710716822274591,-0.6922252563384212,0.4586487491609579,-0.31433150864222004,2.1547026568514966,-1.4613097737897733,-1.2621614064275182,-1.4582848336046215
0.22917532695935786,0.000582994814623789,0.13166309596137246,0.0007130952351237663,0.07592491925942506,0.0007741071197097216,0.11587823362005566,0.00041269307800381445,0.057378569372941515,0.0005214456573708469,0.047018194608767945,0.00032239777245977945,0.10967621216681915,0.0017780593431216457,0.07012213055902496,0.0017998253531444368,0.049314118173519474,0.0018053114559924439,0.5269830329336921,1.3357190315621439,0.2606401688357369,0.14198199387012617,0.538606976714067,0.16080324880887667,0.002625362579770313,0.0005250033236165643,0.0026300112010567978,0.0002629359265187326,0.0026456471329590146,0.00013222412027027506,0.19396236964855593,0.0026627482268539076,5.320178516580028e-05,0.06593372773004945,3.491141807966203,0.024276532472100532,0.025470213922553,2.341600714549605,0.010411537108688005,0.010780225753845171,0.09586070675288752,0.06377932227948795,0.06552049364595244,0.16138841812426055,12.978875537402601,6.929909517487859,0.1408492949189397,0.14424263741885973,0.0064310740454948095,0.0030001417282999117,0.0014959584718587486,0.06517256790375729,0.0006215769522542022,0.025755847357040552,0.039078922368144295,9.462366120781209e-05,0.026717879776336332,6.49252294739795e-05,0.09565462534932426,0.12986224415101782,0.12986224415101782,16.23954200163077,0.7531393722401145,0.06463916176462427,6.957767581511218,0.7907010239076327,0.026054975183495994,0.001070991280064194,0.0017430337604883168,0.0855475969686311,0.17138649953634125,0.009068525565184024,0.009618520768714226,0.0017914501843936982,0.000831159196121299,0.1504068399826022,0.3438238145411729,0.00012817552633008475,0.00012969396887998132,0.07037776597705295,0.20958192301208914,5.055286049426904e-05,5.158575647944393e-05,0.5062843913729447,1.091383147576413,0.3473689856142101,1.084951303582735,0.1315680619064368,0.267972004604611,0.08708205480766155
0.45775489976660166,0.45673817821402307,0.4579531284969786,0.4576653771141734,0.45821530197909005,0.45813856827700866,0.4603254787863286,0.45962848099242254,0.4600313329283499,0.459890654474534,0.4626338843239441,0.462518783770822,0.46234613294113885,0.4528631262589123,0.4652492246698852,0.45547207212967994,0.4662531572721169,0.4569619848450938,0.4677238865620104,0.4677366755123573,0.45335550084726794,0.46758960258336796,0.4676855197109697,0.45574064008696485,0.44462064776033505,0.45437861687501996,0.4482015538574671,0.45547207212967994,0.4503373085653995,0.4558109793138728,0.4677366755123573,0.455529622406241,0.45885474949643507,0.4676983086613166,0.4677494644627042,0.07837708220097836,0.08158071426287687,0.4677430699875308,0.07045432746107363,0.07173322249576367,0.4579914953480193,0.46054928541739937,0.45924481248201554,0.4592895738082297,0.46060044121878696,0.46764075838475555,0.14165680851744092,0.15001438756914026,0.4678198036896122,0.4677622534130511,0.4677430699875308,0.4664833583783611,0.4676919141861432,0.46870863573872174,0.4677494644627042,0.4677494644627042,0.4677430699875308,0.4677430699875308,0.4677366755123573,0.4621542986859353,0.4621542986859353,0.4677366755123573,0.4677302810371839,0.462205454487323,0.4676983086613166,0.4676919141861432,0.4621990600121495,0.46022956165872686,0.4538478754356236,0.08106276177382742,0.1008920292866963,0.06501902356364102,0.06523004124436486,0.46234613294113885,0.4677366755123573,0.46447549317389775,0.4698148799437286,0.4663298909741983,0.46555615947821083,0.46451386002493844,0.4673146401509096,0.46870863573872174,0.46758960258336796,0.4528631262589123,0.4633308821178502,0.45547207212967994,0.4608754036512453,0.4677366755123573,0.4677366755123573,0.4676983086613166
0.7708094562725366,0.9401424471467192,0.8683462061076763,0.9798077818093841,0.9240842677391748,0.9933265059047406,0.8841260452459524,0.9849177135108316,0.9426281525669763,0.9962688205495974,0.9529868258546981,0.9975406938739758,0.8694121294434922,0.9193815103064754,0.9408251533671932,0.9684905072516604,0.9689443874153404,0.9844761447843775,0.9973496103987893,0.9590794297132934,0.7393844158187922,0.9995695965018895,0.9847801978169335,0.8392161441051005,0.7914627035752699,0.7912054846341431,0.895279501622744,0.895037792256377,0.9475986097108227,0.9473121512261,0.8781304547095892,0.9795679016003155,0.9793706292688258,0.9696207434680272,0.9157001098164554,0.6630578240447494,0.6508438208089365,0.9421373824053771,0.6904052134440475,0.6739743069418657,0.9935503763033153,0.9969137647647008,0.9663005484638097,0.8385968577681171,0.8250271529566922,0.9447468953620116,0.5681339140599795,0.5455979968785764,0.9025521609326301,0.9674275296751461,0.9881514134084713,0.07913792812192105,0.9965654808307071,0.1096290104891701,0.997094221100276,0.9962350126814832,0.9985438112882301,0.9980427562183651,0.9907745390280402,0.8561719741517487,0.8561719741517487,0.9958616251418511,0.29803477254523336,0.9287532344321204,0.9990392412268032,0.37167574730331154,0.9724491198509958,0.1025444093350662,0.8599704740552392,-0.002402731133399718,0.005267592155194564,0.005221971469721424,0.0017729533998487304,0.9548615216855456,0.9854239458320311,0.921279618415358,0.9106758159791624,0.9639530518543747,0.96152303617446,0.9683133658100141,0.9636140808978089,0.9894693904759102,0.9884162586407894,0.8561507087430575,-0.013376403083184513,0.9343134573093854,-0.009330718876096033,0.8408862820301686,0.3368337988454449,0.9257864750735595
0.5736195324315658,0.7978120169520048,0.750605670383639,0.9283213615797181,0.8565060722599701,0.976120201107728,0.7770243629952478,0.9443965188198139,0.8882482400264661,0.985899702455302,0.9077635572610596,0.9904945677922744,0.7626908337751152,0.8410381026224039,0.889066535203316,0.9377758077498367,0.9408715181568158,0.9693148269832622,0.9900486014941864,0.9119910120581356,0.6293960872243805,0.9984246501463151,0.966599377160335,0.7714583325560733,0.5888038246097107,0.5884036000879382,0.7928053830102587,0.7923460241502408,0.8967877955044168,0.896321309923564,0.7647166690056677,0.9594962950038158,0.9591594910923503,0.9407624874279535,0.8394728808709886,0.5135817746984745,0.5088797723690824,0.8885861407706339,0.542453845609432,0.5403473865024015,0.9772227763240567,0.9878631466199523,0.8910151705489083,0.7065611736658582,0.6875160249982183,0.8264749258124006,0.41639939791009867,0.39011985807393984,0.7956845538980019,0.9276240272158137,0.9728348311383218,0.047239021460280146,0.9919227022097344,0.06588899011262787,0.9922724173465365,0.9900039906100082,0.9960035175510674,0.9946581253244025,0.9681923543301411,0.7330449990734795,0.7330449990734795,0.9873478607198676,0.16032731522229035,0.8657402855495105,0.9969915772190373,0.22977420921423541,0.9475542497635542,0.032245522324239544,0.7358957688890088,0.005389025025757958,0.01410658962301957,-0.001793417857693902,0.001772922350625553,0.909081431613913,0.9635171445286731,0.8516517073450813,0.8331994753645888,0.9314709851401881,0.9265289148060217,0.9403601881701273,0.9314867818269534,0.980247151752641,0.9778318468081446,0.7330089928188961,-0.026021485947365416,0.87380976573146,-0.018879165513459115,0.7237451289374572,0.22449858760526212,0.8663546346906211
0.39638148083636227,0.6091110480084565,0.6412279993265961,0.8544167493077311,0.7937869103814315,0.9511194863276478,0.6754209352812576,0.8830774215615087,0.8359906504835481,0.969699694311818,0.8636396016170178,0.9791819894398957,0.6732525962188076,0.7662568808342897,0.8431884997033171,0.908216831542083,0.9151709147622434,0.9546911037485908,0.9788377386670484,0.8683087574937168,0.5465706786603897,0.9966102556356407,0.9489906505234091,0.7203512033472045,0.3944316545872746,0.3941474335597866,0.6953532983011875,0.6948292080772734,0.8478762966628816,0.8472893081938536,0.6773005875934588,0.9401438693519838,0.9397168250983909,0.9133760326770842,0.7725409129630092,0.4207361081299496,0.4198488656777572,0.8403574713910242,0.4530744445266628,0.4557763190076793,0.9534071356257038,0.973312687980526,0.7921340808146513,0.5901808374452164,0.5759778059287746,0.6876307138117177,0.3218832965883111,0.2970124062788133,0.6878634674720345,0.884784498308807,0.9555542454630352,0.042390569441176265,0.9866077337445566,0.059455349983780416,0.9862983754898851,0.9822683061791465,0.9927430310633575,0.9903154509382153,0.9358091494543294,0.6309000520746418,0.6309000520746418,0.975651636984403,0.10803874520759563,0.8075957106965834,0.994123737594182,0.17382277112456732,0.9239334410490321,-0.15566812545906908,0.6252887072933033,0.004339796727915607,0.00854658215562887,-0.0031965193778658195,-0.0008819680306430884,0.8640362310359907,0.9383144193357832,0.7877927632000642,0.7631798050466533,0.9005649345991067,0.8930889911977975,0.9139638960838274,0.9015996795400734,0.9714587579565329,0.967758463830909,0.6308572688963677,-0.013979980516167197,0.8196160059658814,-0.006824797139465909,0.6284538906830868,0.17487492532021984,0.8151535144808666
0.24326564421884042,0.4087135212534271,0.5425154823454245,0.7666267534926715,0.7364896036463495,0.9209543107580809,0.5790856486269861,0.8053501836548416,0.7860344751197345,0.9484378951195049,0.8206917166233273,0.9639109839781459,0.5938773086027593,0.6922832023183538,0.8009772338507689,0.8785952788224631,0.891062727132563,0.9400087075372167,0.9643402758172205,0.8276161910563831,0.47589405908744853,0.9941676601647034,0.9319820424528616,0.6760984803289505,0.1959632644816223,0.19558867246993142,0.5973377413123928,0.5967134516640005,0.7985561853814032,0.7978532950760429,0.6025240471192863,0.9206664690864538,0.9201411859413138,0.8874466191883729,0.7117879524724705,0.3548741935747971,0.35710838109672155,0.7955263300932485,0.390699000434255,0.39089697154997355,0.9239627701689471,0.9538726330577424,0.6816374502579549,0.4850046162599996,0.4787958700480096,0.5700496720024275,0.2557606895270312,0.23734679384291044,0.5836744514385983,0.8397665259742734,0.9367502741961528,0.024467781325189845,0.9807366773216943,0.04330446599855619,0.9794312561029661,0.9733262087413911,0.9888911764462934,0.9851613836090735,0.8963476255068722,0.5418053734849835,0.5418053734849835,0.961500066914906,0.06167623531579035,0.7520967085107517,0.9905760406143781,0.13198972037246473,0.900988653266696,0.10526987482208104,0.5199820103557988,0.002241636573532477,0.006912975399366531,0.005221883693441979,-0.0008819991632442086,0.8187110494743545,0.9107819405002937,0.7287083189287307,0.699041925751519,0.8695274486778928,0.859520213192259,0.8892308508887352,0.8739141475506293,0.9627536856643151,0.9578214286880512,0.5417611307463593,-0.01418514037588107,0.7696172057216742,-0.004119928637640419,0.5441829916632474,0.12177801164388254,0.7686500766950423
0.11987510584867,0.23224332887079643,0.4532916699256937,0.6736194067699894,0.6861234009961098,0.888305372733421,0.4874046854768481,0.7156249445473422,0.7385332308526882,0.9228867996081689,0.7786385546689683,0.9449914880175517,0.5222617456362016,0.6194014647212183,0.7617849529122894,0.8488712128494753,0.8681587517445565,0.9252346028622738,0.9470906492219526,0.789293781546713,0.4107671345618889,0.9911354568762145,0.9154094065375362,0.6377794600941826,-0.0067406841986795635,-0.007280591825608558,0.4981074630477727,0.49748870989744237,0.7488977925226415,0.7481355849471291,0.541239000512454,0.9010838097700246,0.900468513169369,0.8624508305652803,0.6563019592300342,0.3003738483282062,0.3043543685277478,0.7535952533725019,0.33593029735623514,0.33605027534682247,0.8904175770232473,0.9302250056634301,0.5679072743319039,0.39182581185011867,0.39210204746670246,0.46711922117593585,0.20152092703213353,0.18589972281929312,0.49048548307696826,0.793513037039958,0.9168043539344424,0.017593386824815118,0.9744109367435337,0.03810881764481844,0.9720316774192478,0.9636534031430248,0.9846251974520185,0.9794367302652609,0.8520371748057557,0.4633274342613785,0.4633274342613785,0.9452510254753115,0.032773455451990265,0.6988925160479639,0.9864226362845568,0.10418623909052857,0.8785641108869093,-0.10373411403001899,0.4204226571999898,0.0016419487876655058,0.004767005545983011,0.0010126380210980182,0.007082548194175707,0.7731252459643307,0.8816247653467265,0.6722146421495073,0.6388056168048285,0.8389319278122557,0.8260793867030598,0.865450213417974,0.8474930936491194,0.9539998243321606,0.9480000150205063,0.4632887329548178,-0.01790563390872036,0.7232395773103906,-0.006566106923926232,0.46773735707082675,0.08315349581971634,0.7255004406564731
0.04232768303521475,0.11620412735200888,0.3765751294969922,0.5842346206028195,0.6426116985239965,0.8559119633099875,0.4005571942238898,0.6183720716268665,0.6931288587147857,0.89382729379322,0.7374289742729874,0.9227361973486374,0.45782407336302233,0.5490128215444099,0.7250912537129564,0.8194499365420236,0.8462369155281777,0.9105590892711327,0.9275557450053643,0.7531586449303355,0.3519318006543401,0.9875502783409201,0.8992372425084548,0.6031177338481282,-0.0006298147890277181,-0.000958135775226587,0.39887975105452267,0.39827574395479437,0.6997069658821092,0.6989003688218924,0.4882707477536159,0.8817153224693839,0.8810165621018664,0.8386213625517615,0.6055904869910858,0.254217154566472,0.26299241953961866,0.7142868722491027,0.29371272906632956,0.29085498165694923,0.8540441141818998,0.9030718905029654,0.4568387438485062,0.31051672908358907,0.3151697029434416,0.37514497233794986,0.1560658385170751,0.14549222193944525,0.46692860572614847,0.7462721390067225,0.8959888093104755,0.022642771023474995,0.9677099707207788,0.037697008527472264,0.9642820721555434,0.9535192202498581,0.9800394935205835,0.9732861703371665,0.8047546763230451,0.3945006485759045,0.3945006485759045,0.9272425832327453,0.022461515548256886,0.6479922821118997,0.9817372206851079,0.09245668848297756,0.856337193360344,0.011643942963355643,0.32844754764629863,0.004938293234626272,0.002316849588584475,0.0066248973529229125,0.005755087518825738,0.7284815785580434,0.8517094568059492,0.6187185824250405,0.5823854222316444,0.8080938851726245,0.7935244444535549,0.8420836074533623,0.8219325575047074,0.9453499931894077,0.9382625406009923,0.39446218604148364,-0.016603135724630902,0.6802494302619794,-0.007661184750538893,0.3991348900095884,0.07114284170568337,0.6856322334965683
-0.0037790598609704997,0.047384642972122554,0.30850356155575276,0.49891799971661593,0.6040361982687555,0.8237279419189829,0.31974553609327666,0.5180763760007447,0.6494888697710111,0.8620409522160911,0.6968583561683322,0.8974548750099152,0.39864303716422894,0.4812912440207424,0.6904107309291521,0.7902520132404267,0.8252248909237212,0.8959431731071341,0.9061405461000264,0.7191526387368916,0.29974628520526203,0.9834472106565271,0.883545521491603,0.5710390508132384,0.0025331740033847343,0.002196478903000311,0.2999084297826802,0.2992208816893606,0.6502495941328713,0.6493666753589402,0.4381476688743604,0.8624316667976227,0.8616230831056733,0.8155122451236032,0.5589532431408523,0.2172917441140031,0.22951713782782016,0.6773977888325693,0.25377717835604957,0.25763820518330394,0.8158674914287188,0.8730990443695149,0.3522067098645531,0.23767492354890607,0.24499647101494532,0.2920183073914725,0.12017983064305598,0.10987884796874746,0.4505261205801537,0.6987215462334723,0.874337594899214,0.012453984023928227,0.9606528420715359,0.032165027717868014,0.9561570884812415,0.9428949228090447,0.975131189287086,0.9667085422493881,0.7561254186104135,0.3332535132969605,0.3332535132969605,0.9076767915831998,0.002380316299067409,0.599025753196983,0.9765598785332794,0.07696543032201747,0.8345908343670855,-0.02485392530704287,0.24388512445570104,0.0005924195809215971,0.0027615396038142446,-0.00179356518696969,0.00044533726753778877,0.6843171418146503,0.8213371451819078,0.5674211876756807,0.5284188190292828,0.7774655269791675,0.7615793114919877,0.8193714524970171,0.7972068824252261,0.9365324746254782,0.9282284461521039,0.3332175773102959,-0.017703147257374745,0.6402163981993004,-0.004629875374583079,0.3371465952758643,0.030091888106816515,0.6485047504619942
-0.025710184380670978,0.013324635544886419,0.24815625467214208,0.41821458447452897,0.569015716895492,0.7917425063665138,0.24548143269035888,0.419204709265481,0.6080481460871637,0.8283087568009865,0.6572592470121132,0.8694580707798385,0.3434948707970456,0.41616845792643165,0.6574611332469679,0.7610953999387193,0.8049568186310914,0.8812662682967071,0.8832027768570679,0.6870656004563194,0.2507575135100826,0.9788595313315661,0.8682721839965798,0.5399319689546452,0.0031594387797283957,0.002837656837542618,0.20045178075768508,0.1997855740354733,0.6006601504684992,0.5997346245349304,0.39452379601161064,0.8428659386258203,0.8419683377714278,0.7927932557219917,0.5159000082440603,0.18675722122264501,0.19989571752358273,0.6425343004178709,0.2229697276815658,0.23214943206796945,0.776687198019026,0.8409525453442627,0.2560539803590131,0.17286562330609886,0.1807717177409631,0.21662598852450524,0.08829396307694543,0.07777030510066678,0.43880766328366855,0.6516594164681513,0.8521205956884097,0.014490537334585054,0.9532922216245455,0.029563907340056702,0.9478237782711633,0.9320247570361677,0.9699876155966481,0.9598301662692581,0.7074457391968375,0.27776495157753783,0.27776495157753783,0.8867745190289508,-0.009550851182123555,0.5523972741931221,0.9709306010800802,0.06465519586804282,0.8132067931550303,0.013537849610034555,0.1673754480572048,-0.0007565067330977756,0.009367067435986377,0.0024156221302996483,-0.0008821236976498448,0.6411926352086684,0.7905957261177148,0.5182085487054624,0.4776774545550754,0.7469693749058269,0.7301693430132675,0.7969960852267041,0.7730424856347946,0.9275673397992247,0.9182170039860348,0.27773312953428725,-0.02241896931048124,0.6027345531529007,-0.006496066100980322,0.27958913069882585,0.010684254320838337,0.6131269655378987
-0.0309356007244076,0.0021282348237226566,0.19461247410857085,0.3427688561511391,0.5365271471597189,0.7599816830380385,0.17917193710560453,0.3262482704674824,0.5686020938443179,0.7934149753107829,0.6184270273765083,0.8390550748190552,0.2921593136005929,0.3538527326926934,0.6262089059030069,0.7319607273662476,0.7855288361409787,0.8665192862475869,0.8590582668375627,0.6569367923700918,0.20478649063834017,0.9738184736330978,0.8534160105404741,0.5114080086484137,0.0026569273136054527,0.002349629423771364,0.09847998130261593,0.09771344683166569,0.5513727552464726,0.5504228277246198,0.35477744089433066,0.8231365579322815,0.8221535063760357,0.7708295273540052,0.47640106142855654,0.16385626711939338,0.17342734948804242,0.6097739205123816,0.1925426080628574,0.2124575316024756,0.7371617275207816,0.8072261451223748,0.16956318536671286,0.11798221437595965,0.12226279747960958,0.14838883214031537,0.05617268051573661,0.05746796721458458,0.43013256313439424,0.6054339206824728,0.8292821069973823,0.010157648835822888,0.9456325653363434,0.02415187456145743,0.9393263511507475,0.9209475675074468,0.9646386797852641,0.9526803232893157,0.6598068725403907,0.22779643494329468,0.22779643494329468,0.8647045895832713,-0.013881304693052854,0.5067863347283239,0.964885761467784,0.05984258784902557,0.7920802087958514,0.0007803287530272191,0.09856411685387592,0.0007416694390372497,0.004170510435603669,-0.0003905518186392878,0.004427564822031053,0.5990549743330128,0.7596171209845005,0.4706855614321585,0.4299628275511054,0.7166700521952943,0.6990784406683487,0.7749776181747522,0.7496215380467083,0.9185588255744473,0.9079217690976435,0.22777765269133068,-0.026672598249501786,0.567302943399662,-0.010252496938493566,0.22708890388995442,0.0037635620437171087,0.5793910697071177
-0.027130074145205362,0.0018651738971080306,0.1467212400105406,0.27329308583146866,0.5051636624763602,0.7284840138146461,0.12240320278697096,0.2438647179616463,0.5319437200305421,0.7581613823962611,0.5805151912639622,0.806554096629528,0.24507829888355886,0.2955494040299965,0.5966657816610226,0.7031752164647107,0.7669823960553114,0.8518529074086871,0.8339740988343262,0.6285892175133594,0.16751194530475536,0.9683530692964883,0.8389785681577251,0.48400918462969017,0.002599586897414568,0.002287576523985205,-0.00401580628703052,-0.004984056644754059,0.5022180990541822,0.5012102755843469,0.3161184102226847,0.8032086653132321,0.8021709148958758,0.7495519028283116,0.44079529889065266,0.1406002511207801,0.15590270601890335,0.5793825683781656,0.1720042685410949,0.18501491010595578,0.6978307124250875,0.7724538986324924,0.09331836084484975,0.0694174771448859,0.07057498391072979,0.08748987701311081,0.031777307399312525,0.03535167057945203,0.4224696994177605,0.5615064607292414,0.8057893630432872,0.002393558110995853,0.937690855733621,0.022889137609702508,0.9306382345980615,0.9096479621886852,0.9590810333841024,0.9452662245350147,0.6141702174249544,0.18402930022172456,0.18402930022172456,0.8417795069231199,-0.02849070540182733,0.46265555516719836,0.9584671215837534,0.04984808992189829,0.7715889000173288,0.02270849862323081,0.0392440218441047,-0.0015063431651521908,0.0027595262091307336,0.0024155634428086343,0.004427533852201509,0.557333484903089,0.728476198082639,0.4252278433046908,0.38552503008262423,0.6863616865117302,0.6677014787352139,0.7535396149229845,0.7269678739207489,0.9094741178178355,0.8976121232280609,0.18402929827907186,-0.025374504694334797,0.5344072904602806,-0.008137665740343816,0.18121574853970757,-0.02169417989885988,0.5481033096816855
