ma_cross_5_10,ma_distance_5_10,ma_cross_5_20,ma_distance_5_20,ma_cross_5_50,ma_distance_5_50,ma_cross_10_20,ma_distance_10_20,ma_cross_10_50,ma_distance_10_50,ma_cross_20_50,ma_distance_20_50,price_deviation_20,price_deviation_50,price_deviation_100,adx_20,di_plus_20,trend_consistency_20,adx_50,di_plus_50,trend_consistency_50,momentum_5,returns_momentum_5,momentum_10,returns_momentum_10,momentum_20,returns_momentum_20,rs_20,momentum_50,returns_momentum_50,rs_50,rsi_14,rsi_overbought_14,rsi_oversold_14,rsi_21,rsi_overbought_21,rsi_oversold_21,macd,macd_signal,macd_diff,macd_cross,stoch_k,stoch_d,stoch_overbought,stoch_oversold,vol_change_10,vol_change_20,vol_change_50,atr_14,atr_ratio_14,atr_21,atr_ratio_21,bb_width,bb_percent,bb_position,volume_ma_20,volume_ratio_20,vol_price_corr_20,volume_ma_50,volume_ratio_50,vol_price_corr_50,obv_change,vwap_distance,hammer,doji,gap_up,gap_down,support_distance,price_range,price_zscore_20,returns_zscore_20,price_zscore_50,returns_zscore_50,price_rank_20,volume_rank_20,price_rank_50,volume_rank_50,rolling_std_5,skewness_5,kurtosis_5,cv_5,zscore_5,rolling_std_10,skewness_10,kurtosis_10,cv_10,zscore_10,rolling_std_20,cv_20,zscore_20,rolling_std_50,cv_50,zscore_50,rolling_std_100,skewness_100,kurtosis_100,cv_100,zscore_100,skewness_200,kurtosis_200,cv_200,zscore_200,returns_skew_20,returns_kurt_20,price_momentum_20,returns_skew_50,returns_kurt_50,price_momentum_50,returns_skew_100,returns_kurt_100,price_momentum_100,volatility_state_5,volatility_change_10,volatility_ratio_10,volatility_state_10,volatility_change_20,volatility_ratio_20,volatility_state_20,volatility_change_50,volatility_ratio_50,volatility_state_50,price_volume_corr_20,price_autocorr_20,volume_autocorr_20,price_volume_corr_50,price_autocorr_50,volume_autocorr_50,price_volume_corr_100,price_autocorr_100,volume_autocorr_100
ma_cross_5_10,ma_distance_5_10,ma_cross_5_20,ma_distance_5_20,ma_cross_5_50,ma_distance_5_50,ma_cross_10_20,ma_distance_10_20,ma_cross_10_50,ma_distance_10_50,ma_cross_20_50,ma_distance_20_50,price_deviation_20,price_deviation_50,price_deviation_100,adx_20,di_plus_20,trend_consistency_20,adx_50,di_plus_50,trend_consistency_50,momentum_5,returns_momentum_5,momentum_10,returns_momentum_10,momentum_20,returns_momentum_20,rs_20,momentum_50,returns_momentum_50,rs_50,rsi_14,rsi_overbought_14,rsi_oversold_14,rsi_21,rsi_overbought_21,rsi_oversold_21,macd,macd_signal,macd_diff,macd_cross,stoch_k,stoch_d,stoch_overbought,stoch_oversold,vol_change_10,vol_change_20,vol_change_50,atr_14,atr_ratio_14,atr_21,atr_ratio_21,bb_width,bb_percent,bb_position,volume_ma_20,volume_ratio_20,vol_price_corr_20,volume_ma_50,volume_ratio_50,vol_price_corr_50,obv_change,vwap_distance,hammer,doji,gap_up,gap_down,support_distance,price_range,price_zscore_20,returns_zscore_20,price_zscore_50,returns_zscore_50,price_rank_20,volume_rank_20,price_rank_50,volume_rank_50,rolling_std_5,skewness_5,kurtosis_5,cv_5,zscore_5,rolling_std_10,skewness_10,kurtosis_10,cv_10,zscore_10,rolling_std_20,cv_20,zscore_20,rolling_std_50,cv_50,zscore_50,rolling_std_100,skewness_100,kurtosis_100,cv_100,zscore_100,skewness_200,kurtosis_200,cv_200,zscore_200,returns_skew_20,returns_kurt_20,price_momentum_20,returns_skew_50,returns_kurt_50,price_momentum_50,returns_skew_100,returns_kurt_100,price_momentum_100,volatility_state_5,volatility_change_10,volatility_ratio_10,volatility_state_10,volatility_change_20,volatility_ratio_20,volatility_state_20,volatility_change_50,volatility_ratio_50,volatility_state_50,price_volume_corr_20,price_autocorr_20,volume_autocorr_20,price_volume_corr_50,price_autocorr_50,volume_autocorr_50,price_volume_corr_100,price_autocorr_100,volume_autocorr_100
53185,53185,53185,53185,53185,53185,53185,53185,53185,53185,53185,53185,53185,53185,53185,53185,53185,53185,53185,53185,53185,53185,53185,53185,53185,53185,53185,53185,53185,53185,53185,53185,53185,53185,53185,53185,53185,53185,53185,53185,53185,53185,53185,53185,53185,53185,53185,53185,53185,53185,53185,53185,53185,53185,53185,53185,53185,53185,53185,53185,53185,53185,53185,53185,53185,53185,53185,53185,53185,53185,53185,53185,53185,53185,53185,53185,53185,53185,53185,53185,53185,53185,53185,53185,53185,53185,53185,53185,53185,53185,53185,53185,53185,53185,53185,53185,53185,53185,53185,53185,53185,53185,53185,53185,53185,53185,53185,53185,53185,53185,53185,53185,53185,53185,53185,53185,53185,53185,53185,53185,53185,53185,53185,53185,53185,53185,53185,53185,53185,53185
0.0,0.0,0.0,0.0,0.0,0.0,0.0,0.0,0.0,0.0,0.0,0.0,0.0,0.0,0.0,0.0,0.0,0.0,0.0,0.0,0.0,0.0,0.0,0.0,0.0,0.0,0.0,0.0,0.0,0.0,0.0,0.0,0.0,0.0,0.0,0.0,0.0,0.0,0.0,0.0,0.0,0.0,0.0,0.0,0.0,0.0,0.0,0.0,0.0,0.0,0.0,0.0,0.0,0.0,0.0,0.0,0.0,0.0,0.0,0.0,0.0,0.0,0.0,0.0,0.0,0.0,0.0,0.0,0.0,0.0,0.0,0.0,0.0,0.0,0.0,0.0,0.0,0.0,0.0,0.0,0.0,0.0,0.0,0.0,0.0,0.0,0.0,0.0,0.0,0.0,0.0,0.0,0.0,0.0,0.0,0.0,0.0,0.0,0.0,0.0,0.0,0.0,0.0,0.0,0.0,0.0,0.0,0.0,0.0,0.0,0.0,0.0,0.0,0.0,0.0,0.0,0.0,0.0,0.0,0.0,0.0,0.0,0.0,0.0,0.0,0.0,0.0,0.0,0.0,0.0
0.0754025721883614,0.10556792818853573,0.05525498132020304,0.07899030577817585,0.038481584729252234,0.049407248461526644,0.03632858663576737,0.0435442312655383,0.02516819611278536,0.025923345183479767,0.012441276438001742,0.011540983981194061,0.38313104578583046,0.24299290329676812,0.17079733225868995,0.00660077411039914,0.17936727376066441,0.23770397693467646,-0.0001098318531681094,0.11298037747769163,0.1579743620605707,0.44702635282471465,0.4471183855938855,0.32038074261840394,0.3207424013079459,0.22285906111214576,0.22378288917196687,0.21457845250151494,0.13852563716402017,0.13930867564999813,0.14395373444861279,0.34046126206016564,0.2052126997489613,-0.18458700895473096,0.28818137549168116,0.16216713056735016,-0.13400695530646578,0.0670692682109701,0.012461464921686267,0.18410401400752618,0.1255173302637248,0.3945177365129915,0.1385102371092698,0.3064116937831125,-0.3149323994592787,0.08666331359536396,0.09880063155405273,0.0984539467442284,0.011607574639286461,0.005550249490803771,0.009082424017322187,0.003217075872859606,0.02391697832582447,0.40868249649925203,0.40868249649925203,0.014357615931026553,0.053328540472521,0.12659474252719308,0.011163564920427074,0.06221062882361471,0.08089762597662978,9.046548689597509e-06,0.4807043222344526,-0.008230823542002429,-0.0021781868367936534,0.03724862112002,-0.02478862552388011,0.25470079683076363,0.01183833259950369,0.40878111090810904,0.8398520405672042,0.2883335936037137,0.8794475952954889,0.3522251945457608,0.004177709696760634,0.24276986649396,0.009230507348791146,0.04147089339247851,0.2565563372846075,0.012360421585385792,0.04776500342235027,0.6071640309720616,0.029886143629047162,0.22025155130126153,0.026467548386794822,0.03702012254891791,0.5056547435650942,0.01668629706881374,0.023916978325657257,0.40878111133229555,0.007709211933582482,0.014205739179392185,0.2883335937126534,0.00378927566367025,0.031949376328099265,0.04406568834135994,0.010949363537736305,0.212640665302926,0.007687742822337652,0.024132116324602475,0.007465656419529775,0.15651662033277258,0.1027646700207171,0.03096447343290244,0.22285906111214576,0.0714027845546979,0.02375896356005002,0.13852563716402017,0.0487729751819333,0.01413137526633829,0.09635029289596712,0.008536893350057336,0.08666331359536397,0.01133803774885967,0.007001653790597199,0.09880063155405265,0.021069241217549863,0.01533949354059433,0.09845394674422832,0.031247020614796863,0.01806051230344361,0.08022008911166698,0.005774367766222736,0.013268323885662391,0.05314156687659831,0.006695561430973831,0.014193205339843001,0.03544740287505327,0.00559808031144401,0.004193490739301789
0.054183843544385775,0.06299605312023215,0.03383442569910149,0.040284858114180346,0.018836399888922287,0.018795287070269114,0.019317639001657765,0.016218377999754306,0.008917206393156886,0.005380162627367072,-0.0016919390890100614,-0.0016254652429199671,0.3103347045730461,0.18511654804025782,0.12555033511987032,0.004068279493586246,0.11233119742846723,0.25722437937370346,0.0007177591824329461,0.0602826774521673,0.15300984796139622,0.37049619049187127,0.37056288484141453,0.25558476559016763,0.25566620889575714,0.17527762566406654,0.17539625127799113,0.1862871785039178,0.10203634474306023,0.10205355136006268,0.10989130806045228,0.3096803244756747,0.14877324070053544,-0.15637626631159807,0.24914951916424433,0.09799627852231299,-0.09842705616790813,0.03715188073139144,-0.004122600717527968,0.13428400265013815,0.11288812530625937,0.4267069632891977,0.12570072799720683,0.33543661814035386,-0.35129048048875333,-0.001052239331244438,-0.000651440644906727,0.0026374787230469716,-0.0005940588649903391,-0.003359920113582688,-0.002071913283005819,-0.005247475672331458,0.004599660797845461,0.3777329867965196,0.3777329867965196,6.084533546564444e-05,-0.0044945902439260405,0.05667657092167758,-0.0033936512136082545,-0.0015291610013017083,0.0295133313318164,0.8342169368219381,0.4042271735631337,-0.00884908894760163,0.0023200690029765852,0.03488779645575101,-0.031723438359888195,0.29174742169813705,-0.00026818297941128883,0.3777600974452713,0.9398208545729246,0.23200761077236554,0.9596005271575875,0.41707296233824004,-0.007986832606764232,0.2779695509608389,-0.003711118606508837,0.0004552367549297828,0.21043622348383206,0.0010435029276941908,0.0030784878517924785,0.71958184850046,-0.0004934844137271248,0.14124137125397315,-0.004426608843117722,0.0023413846981343066,0.5313092375369814,0.0011096283159612347,0.004599661990088851,0.3777600792676562,-0.0049567017217273,-0.0021882074527947606,0.23200761204998616,-0.006985060869312989,0.004682582261566764,0.0002636684867097064,-0.0042437194695396545,0.1567046108276934,-0.008046287142094734,0.001344179230741287,-0.0030170740282250853,0.10716280611902558,-0.0014623116633278948,0.0007773756031624435,0.17527762566406654,0.005337800983139526,-0.0004765649886709098,0.10203634474306023,0.0014056406886566808,-0.006583633794475311,0.0653657372006016,0.0027063094315056073,-0.001052239331244438,0.004047364587835119,0.002901248056413682,-0.000651440644906727,0.009173758172835883,0.008388873830638504,0.0026374787230469716,0.01167439700891953,0.011190051033935902,0.03376558515372519,-0.006870006731251354,0.006232449380757202,0.017617868259824875,-0.005548516582346858,0.003112632798560266,0.009231449018898254,-0.004780548921077475,-0.0026159203474094596
0.044268250416569774,0.043525026838561486,0.027642757168411344,0.027589835652965414,0.015389356174897237,0.01256446723045018,0.01578252897622076,0.010843152610173882,0.007285365891497515,0.003388122195832331,-0.0013823158045354455,-0.001386904882943242,0.22209673760639492,0.12998134902340364,0.0872234458132548,0.0027026576792232595,0.07650029009793086,0.2101525564541036,0.0004820946557374165,0.040811399745862245,0.12500918765955996,0.26637947403631673,0.2663820247393183,0.18114383805972079,0.18118114494428905,0.12289957488685482,0.12296935787727314,0.1261354433839228,0.07072353732538153,0.07073406536634018,0.07417019984135378,0.21298874242083787,0.12154787559913348,-0.12775955457311403,0.17086582943794823,0.08006305041767679,-0.08041499615355734,0.025412009439627074,-0.00314305688938167,0.0937203277905312,0.09222970304830647,0.29261525612300476,0.0839884177990415,0.2740520280470775,-0.28700464828587374,-0.0013192082437695337,-0.0011159768820467601,0.0005458511712402249,-0.0006834769039359016,-0.00227508681136942,-0.0017071184045885743,-0.0036078178402041408,0.003193040928736468,0.26219441756898687,0.26219441756898687,-1.2449841757217586e-05,-0.0032202878378030787,0.038046652919938556,-0.002503394049942744,-0.0011383918175897957,0.019707142934446604,0.6212554457457561,0.2896349750997406,-0.007229713875318431,0.0018954985266660842,0.028503362053309448,-0.025918078554906358,0.2058944439430816,-6.221113839860535e-05,0.26221378636289655,0.7812417293831916,0.15879829470881754,0.821629173252336,0.29354283238209106,-0.005734826334946987,0.19106734287485638,-0.0026459071355947315,0.00012873165867099975,0.14311261067536657,0.0006690113968365227,0.0018398211221563362,0.5286102616158473,-0.0005325548887138411,0.09579169764917662,-0.0029989700756306347,0.001555377845110522,0.37578626180188435,0.0007216473108031704,0.0031930402020071166,0.2622137792875116,-0.003516173338986352,-0.0015347888997617085,0.15879829612389457,-0.00490727444694704,0.0030932085060753154,0.00016570642258168007,-0.002948409200362369,0.10660138924632592,-0.005475902633279244,0.0008723849864792535,-0.002314002530034441,0.07273497616662519,-0.0008485675492337153,0.0005043594117706288,0.12289957488685482,0.0034374489189916333,-0.0002597097718627824,0.07072353732538153,0.0008332733664781109,-0.00435775552408823,0.044938296163674604,0.002211057314907447,-0.0013192082437695337,0.0026018824177345013,0.0023703223522100023,-0.0011159768820467601,0.006098758508052857,0.006853717698034963,0.0005458511712402249,0.007556188231389948,0.009142282070460408,0.02257688107451916,-0.0046109619360342686,0.004236264572470719,0.011751385528921795,-0.00373226169032079,0.002107856043118755,0.006154385290656897,-0.003117254230915494,-0.0017010802582096128
0.0016739495282061985,0.007880190205479866,0.0009243078370899444,0.007245678554825526,0.0006329540601667895,0.009958614010961906,0.00044908003016354633,0.006288526595567898,0.00046072133956531216,0.007451123390632411,0.00038676539305665945,0.005606728459917795,0.0385221510973377,0.017916205104448427,0.015129980898751592,0.003075896595928517,0.015219694877303958,0.02018798168435955,0.003093816729851379,0.008754129268899036,0.007163177214326959,0.05104768248443055,0.0537985976568007,0.022514298253743834,0.029376303156240284,0.015161550860228884,0.017435924163546127,0.008482659543211913,0.010538496077798939,0.011578412369859762,0.006139300097495974,0.038480350791933446,0.012349626614119364,0.007806948284586652,0.026517156723335586,0.006902059239828566,0.003752793695145972,0.010407044060381117,0.00755314675890366,0.012978437877476342,0.005055210605626095,0.07941680706569752,0.009932569485247528,0.03797529102621866,0.039607063061475684,0.00977816438139515,0.013338444666290875,0.023708440829697558,0.024310803460261238,0.02784489451980306,0.020378397412589233,0.02424656619590671,0.014513415421391125,0.07214958205744412,0.07214958205744412,0.008547575486871491,0.018464570431530124,0.01076728432760285,0.00929179380359586,0.016205384152210477,0.005835491613918676,1.416227736041406e-05,0.05756279224595884,0.006506078776473488,0.03444099992596689,0.0005890187790036734,0.0002776084171686279,0.024581748214715586,0.0228205251223317,0.07217960043231297,0.37388458542846675,0.03327591352035395,0.37427534946391233,0.06463735858954167,0.016894396460458105,0.028457341930986917,0.02066788156877684,0.03222058862841496,0.02211426995817719,0.011787387787685087,0.0366062326636265,0.2173460617358456,0.021420238819427204,0.017790901716179797,0.011876767019901868,0.025101104815075125,0.13003551988046083,0.013688273308021628,0.014513415421391125,0.07217960043231297,0.010251529685528324,0.009943277649329813,0.03327591352035395,0.00826250331895963,0.0027974337613994663,0.003965464039722574,0.00878824029542843,0.01817063788576501,0.002365406162200387,0.002722969025503884,0.008170255528172665,0.010741170333610163,0.00956696846999121,0.0073871992323218194,0.015161550860228884,0.00565188994724646,0.003962053823976019,0.010538496077798939,0.004194022311534573,0.002206057916193859,0.007867632217850194,0.012453821785591616,0.00977816438139515,0.01029804552767529,0.009580259869418472,0.013338444666290875,0.018368424699854915,0.007534976876722396,0.023708440829697558,0.024740742261884087,0.00446405352170523,0.004531524598029694,0.00257345230333994,0.002561010044562266,0.00287980740272991,0.0018612065460133834,0.0021987132677854355,0.00262320422468463,0.0014877468089002496,0.00188745756805812
0.0,0.0013602614690320768,0.0,0.0010198822442489812,0.0,0.0006392029253721495,0.0,0.000542228330931326,0.0,0.00036566861116768307,0.0,0.0002266564598190936,0.004530669383573453,0.002895840851240572,0.0021259738140470196,6.303315706458412e-05,0.0020910377050776955,0.0,9.482081515143448e-06,0.001303451356984699,0.0,0.005236521342049517,0.005238341557173551,0.0038683000869983693,0.0038647455789061124,0.002785062796086611,0.002782392084299626,0.0027804424245559834,0.001727349564944062,0.0017282112703279184,0.0017834815032540894,0.00438697386122454,0.0,0.0,0.0036673522883578094,0.0,0.0,0.000911442286402748,0.00018056996905455004,0.00229341118945957,0.0,0.005993588727526169,0.0020720031906133777,0.0,0.0,0.0001666245026852149,0.00020998416825407915,0.00031641375165933485,0.00018789034656725806,0.00016557332626292745,0.00010334948491040864,0.00011903103625493642,0.0002666337959071707,0.005489188437316866,0.005489188437316866,0.00019541729857202588,0.00011698949284329195,0.0015883811377221631,0.00012292387137163684,0.00013810124476457898,0.0010018035408595688,0.009266896555466007,0.005674621964460064,0.0,0.0,0.0,0.0,0.004156766806882727,0.00022470415091083583,0.005490740350137165,0.010850620367987483,0.0036613816170914305,0.011146078249387405,0.005967639836943973,8.86127318805301e-05,0.004208247210495706,9.941993987292591e-05,0.0001827431130000761,0.003499959410906642,7.5313445898977e-05,0.00021923856489946796,0.009090688894762822,0.00018685184890224814,0.0024908997015402248,9.534665505226385e-05,0.0002213594190168582,0.007232647313337023,0.00022245423865252525,0.0002666337959071707,0.005490740350137165,9.83758572128963e-05,0.00015135957104899487,0.0036613816170914305,2.3843765682592903e-05,0.0002855178932665488,6.994276274925971e-05,4.216854176674389e-05,0.002655786371732467,1.819347045178247e-05,7.775651647914701e-05,3.165327742331869e-05,0.0018766687501222924,0.0011916576193169864,0.0002509059922703672,0.002785062796086611,0.0008664550163421404,0.00020044018088497426,0.001727349564944062,0.0005666920847355878,0.0001423462956568038,0.0012675239447668114,0.0,0.0001666245026852149,0.00017099743433302591,0.0,0.00020998416825407915,0.0002843948426981624,0.0,0.00031641375165933485,0.0003372909702373836,0.0,0.0010741252840196077,6.323099246478958e-05,0.0002237579719184298,0.0007412291760925422,6.14678931857021e-05,0.00020863766871960664,0.0004924652849123117,7.51855182101509e-05,6.779925454151569e-05
2.856860497585781e-05,0.0007562119682355489,2.856860497585781e-05,0.0005845422347185039,2.856860497585781e-05,0.0003865399477760858,2.856860497585781e-05,0.00039020769042943135,2.856860497585781e-05,0.00023077172570406767,2.856860497585781e-05,0.0001602935546782623,0.002292094460690353,0.0015015273519215907,0.0010856579797330157,7.607775073574119e-05,0.0012492754608054108,2.856860497585781e-05,2.2666107959952738e-05,0.0008040942547000154,2.856860497585781e-05,0.0026742952016453594,0.0026750280957470547,0.001969942401221583,0.001972855509415473,0.0014233336991095584,0.0014157806867761595,0.0014088619711387466,0.0008983726037053329,0.0008897546843759221,0.000922361980903649,0.0021881443294837107,2.856860497585781e-05,2.856860497585781e-05,0.0018407353493217584,2.856860497585781e-05,2.856860497585781e-05,0.0005347680019408978,0.00012907407813265675,0.001202472874634593,2.856860497585781e-05,0.00299213216400971,0.0010199596474385422,2.856860497585781e-05,2.856860497585781e-05,0.00016648867448436632,0.00021591381475684823,0.00027013880106303444,0.00017442070485840033,0.00015775378786150496,0.00010672056865716138,0.00011939480816752334,0.00024036795036530445,0.0027606776359816935,0.0027606776359816935,0.00019017787435111373,0.00013690681432770263,0.0008899352749844857,0.00014017149983677998,0.00014339085278619384,0.000572003255057898,0.004647672277767768,0.002893654948736916,2.856860497585781e-05,2.856860497585781e-05,2.856860497585781e-05,2.856860497585781e-05,0.0018223558150236468,0.00020706120917559885,0.0027606776359816935,0.005512490734812727,0.0018604037041280589,0.005653957276749422,0.003341808848871384,0.00013932419771637327,0.0022380358927493508,0.00014326414632827013,0.00016753762163124815,0.0018496285557383714,6.505629141085654e-05,0.00021312411148734852,0.004587778624821696,0.00018437289717839812,0.001282288680251915,0.00013106731224171565,0.00020461636462000026,0.0036105980342328032,0.00018977607308141208,0.00024036795036530445,0.0027606776359816935,0.00010919067736168058,0.00016600388723935711,0.0018604037041280589,4.1259219256234e-05,0.00016511773758076575,9.621555250606524e-05,5.198056407477221e-05,0.0013609091836295328,5.007693638206716e-05,6.649062026374074e-05,6.720672064657535e-05,0.0009622931330336037,0.000683811760349824,0.0002104634381239398,0.0014233336991095584,0.0004926501608339971,0.00015932152420525473,0.0008983726037053329,0.0003031922134184013,0.0001442866659556067,0.0006847407144083059,2.856860497585781e-05,0.00016648867448436632,0.00016587684064092568,2.856860497585781e-05,0.00021591381475684823,0.0002454213554843115,2.856860497585781e-05,0.00027013880106303444,0.0002914796180363098,2.856860497585781e-05,0.0006272255550575854,4.4869297893853316e-05,0.00014047066549105556,0.0004626577048930243,7.130544497268784e-05,0.000141243256782896,0.00031735383539570556,4.951598473414881e-05,3.690859521844532e-05
2.856860497585781e-05,-0.0006040495007965278,2.856860497585781e-05,-0.0004353400095304773,2.856860497585781e-05,-0.0002526629775960638,2.856860497585781e-05,-0.00015202064050189468,2.856860497585781e-05,-0.00013489688546361537,2.856860497585781e-05,-6.636290514083132e-05,-0.0022385749228830995,-0.0013943134993189812,-0.0010403158343140037,1.3044593671157069e-05,-0.0008417622442722847,2.856860497585781e-05,1.318402644480929e-05,-0.0004993571022846834,2.856860497585781e-05,-0.002562226140404158,-0.0025633134614264966,-0.0018983576857767863,-0.0018918900694906396,-0.0013617290969770526,-0.0013666113975234666,-0.001371580453417237,-0.0008289769612387291,-0.0008384565859519962,-0.0008611195223504404,-0.00219882953174083,2.856860497585781e-05,2.856860497585781e-05,-0.001826616939036051,2.856860497585781e-05,2.856860497585781e-05,-0.0003766742844618503,-5.1495890921893274e-05,-0.0010909383148249767,2.856860497585781e-05,-0.0030014565635164583,-0.0010520435431748357,2.856860497585781e-05,2.856860497585781e-05,-1.3582820084857002e-07,5.9296465027690766e-06,-4.627495059630041e-05,-1.3469641708857734e-05,-7.819538401422494e-06,3.371083746752749e-06,3.637719125869155e-07,-2.626584554186622e-05,-0.002728510801335172,-0.002728510801335172,-5.239424220912153e-06,1.991732148441069e-05,-0.0006984458627376774,1.7247628465143136e-05,5.28960802161486e-06,-0.0004298002858016709,-0.004619224277698239,-0.002780967015723148,2.856860497585781e-05,2.856860497585781e-05,2.856860497585781e-05,2.856860497585781e-05,-0.0023344109918590804,-1.7642941735236964e-05,-0.002730062714155472,-0.005338129633174755,-0.0018009779129633716,-0.005492120972637983,-0.002625830988072588,5.071146583584317e-05,-0.001970211317746355,4.384420645534421e-05,-1.5205491368827933e-05,-0.0016503308551682706,-1.0257154488120466e-05,-6.11445341211944e-06,-0.0045029102699411265,-2.4789517238500295e-06,-0.0012086110212883097,3.5720657189451794e-05,-1.6743054396857938e-05,-0.00362204927910422,-3.267816557111318e-05,-2.626584554186622e-05,-0.002730062714155472,1.0814820148784288e-05,1.4644316190362227e-05,-0.0018009779129633716,1.7415453573641094e-05,-0.00012040015568578304,2.627278975680553e-05,9.812022308028319e-06,-0.0012948771881029345,3.188346593028469e-05,-1.1265896215406271e-05,3.5553443223256663e-05,-0.0009143756170886887,-0.0005078458589671624,-4.044255414642743e-05,-0.0013617290969770526,-0.00037380485550814326,-4.1118656679719535e-05,-0.0008289769612387291,-0.00026349987131718647,1.9403702988029048e-06,-0.0005827832303585055,2.856860497585781e-05,-1.3582820084857002e-07,-5.1205936921002245e-06,2.856860497585781e-05,5.9296465027690766e-06,-3.8973487213850916e-05,2.856860497585781e-05,-4.627495059630041e-05,-4.5811352201073806e-05,2.856860497585781e-05,-0.0004468997289620224,-1.8361694570936264e-05,-8.328730642737422e-05,-0.0002785714711995178,9.837551786985741e-06,-6.739441193671065e-05,-0.0001751114495166062,-2.5669533476002093e-05,-3.0890659323070374e-05
0.00483337838237605,0.00483337838237605,0.00483337838237605,0.00483337838237605,0.00483337838237605,0.00483337838237605,0.00483337838237605,0.00483337838237605,0.00483337838237605,0.00483337838237605,0.00483337838237605,0.00483337838237605,0.00483337838237605,0.00483337838237605,0.00483337838237605,0.00483337838237605,0.00483337838237605,0.00483337838237605,0.00483337838237605,0.00483337838237605,0.00483337838237605,0.00483337838237605,0.00483337838237605,0.00483337838237605,0.00483337838237605,0.00483337838237605,0.00483337838237605,0.00483337838237605,0.00483337838237605,0.00483337838237605,0.00483337838237605,0.00483337838237605,0.00483337838237605,0.00483337838237605,0.00483337838237605,0.00483337838237605,0.00483337838237605,0.00483337838237605,0.00483337838237605,0.00483337838237605,0.00483337838237605,0.00483337838237605,0.00483337838237605,0.00483337838237605,0.00483337838237605,0.00483337838237605,0.00483337838237605,0.00483337838237605,0.00483337838237605,0.00483337838237605,0.00483337838237605,0.00483337838237605,0.00483337838237605,0.00483337838237605,0.00483337838237605,0.00483337838237605,0.00483337838237605,0.00483337838237605,0.00483337838237605,0.00483337838237605,0.00483337838237605,0.00483337838237605,0.00483337838237605,0.00483337838237605,0.00483337838237605,0.00483337838237605,0.00483337838237605,0.00483337838237605,0.00483337838237605,0.00483337838237605,0.00483337838237605,0.00483337838237605,0.00483337838237605,0.00483337838237605,0.00483337838237605,0.00483337838237605,0.00483337838237605,0.00483337838237605,0.00483337838237605,0.00483337838237605,0.00483337838237605,0.00483337838237605,0.00483337838237605,0.00483337838237605,0.00483337838237605,0.00483337838237605,0.00483337838237605,0.00483337838237605,0.00483337838237605,0.00483337838237605,0.00483337838237605,0.00483337838237605,0.00483337838237605,0.00483337838237605,0.00483337838237605,0.00483337838237605,0.00483337838237605,0.00483337838237605,0.00483337838237605,0.00483337838237605,0.00483337838237605,0.00483337838237605,0.00483337838237605,0.00483337838237605,0.00483337838237605,0.00483337838237605,0.00483337838237605,0.00483337838237605,0.00483337838237605,0.00483337838237605,0.00483337838237605,0.00483337838237605,0.00483337838237605,0.00483337838237605,0.00483337838237605,0.00483337838237605,0.00483337838237605,0.00483337838237605,0.00483337838237605,0.00483337838237605,0.00483337838237605,0.00483337838237605,0.00483337838237605,0.00483337838237605,0.00483337838237605,0.00483337838237605,0.00483337838237605,0.00483337838237605,0.00483337838237605,0.00483337838237605
0.0,0.2814307843126867,0.0,0.21100815280007423,0.0,0.13224764849838272,0.0,0.11218412630561957,0.0,0.07565486958377202,0.0,0.046894002887411246,0.9373711357036798,0.5991339022410656,0.43985255154013164,0.013041221290354992,0.43262445843310077,0.0,0.0019617916837874655,0.26967707757734716,0.0,1.0834081108037077,1.0837847035262371,0.8003304895605429,0.7995950809475493,0.5762145182429307,0.5756619623336471,0.5752585882152972,0.35737933765800284,0.357557619868847,0.3689927338933775,0.9076413047281308,0.0,0.0,0.758755470444871,0.0,0.0,0.18857250856381128,0.03735895573848768,0.4744944442632582,0.0,1.240041282383476,0.4286863197320789,0.0,0.0,0.03447371372636123,0.043444595403443795,0.06546430397691902,0.03887350248686565,0.03425623097638239,0.02138245275545815,0.024626881414655914,0.055165098780471565,1.135683574315658,1.135683574315658,0.04043078838697505,0.024204497059421376,0.32862751724836564,0.0254322880699459,0.02857240502174165,0.20726776627140253,1.9172710726012876,1.174048774073108,0.0,0.0,0.0,0.0,0.8600127029242213,0.04649008067114602,1.1360046567341084,2.244935014306371,0.75752017066198,2.3060636613986927,1.2346725964397451,0.018333497787725195,0.870663721640383,0.020569451014934167,0.03780856753661422,0.7241227841107052,0.015581947023554468,0.04535928031185757,1.8808146550061557,0.03865864290359847,0.5153537555890086,0.019726710286106793,0.04579807362568616,1.4963958418214118,0.046024585921859595,0.055165098780471565,1.1360046567341084,0.020353435926225894,0.03131548144480005,0.75752017066198,0.00493314692049239,0.05907211699121939,0.01447078155608343,0.00872444456666233,0.5494679211162656,0.003764131216815412,0.01608740519109173,0.006548892910750801,0.3882726742365527,0.24654755432807168,0.05191110077068368,0.5762145182429307,0.17926488426842305,0.04146999573131691,0.35737933765800284,0.11724554543503514,0.029450683227251803,0.2622438891580648,0.0,0.03447371372636123,0.03537844977263397,0.0,0.043444595403443795,0.05883976386685376,0.0,0.06546430397691902,0.06978368825152358,0.0,0.22223074608356574,0.013082152370968674,0.046294321324876736,0.15335633121447442,0.01271737660966758,0.04316601188939857,0.10188841964204336,0.015555479472556895,0.014027301232763432
{0: 2.856860497585781e-05},"{0: -0.0006040495007965278, 1: -0.00020212057038669154, 2: -9.46676334667298e-06, 3: 0.0002022643154127673, 4: 0.0007562119682355489}",{0: 2.856860497585781e-05},"{0: -0.0004353400095304773, 1: -0.00017679259727400385, 2: 2.302333895943612e-05, 3: 0.00014740953668722375, 4: 0.0005845422347185039}",{0: 2.856860497585781e-05},"{0: -0.0002526629775960638, 1: -8.903551595931785e-05, 2: -5.173870231914078e-05, 3: 0.00014973272316976338, 4: 0.0003865399477760858}",{0: 2.856860497585781e-05},"{0: -0.00015202064050189468, 1: -0.00019144789085416333, 2: -9.518548847840917e-06, 3: 0.00010561883402446045, 4: 0.00039020769042943135}",{0: 2.856860497585781e-05},"{0: -0.00013489688546361537, 1: -6.788834191551115e-05, 2: -2.1257540812437764e-05, 3: 0.00013610938313760563, 4: 0.00023077172570406767}",{0: 2.856860497585781e-05},"{0: -6.636290514083132e-05, 1: 7.307896876687848e-06, 2: -5.209702683556959e-05, 3: 9.369392180616319e-05, 4: 0.0001602935546782623}","{0: -0.0022385749228830995, 1: -0.00052123849216124, 2: 4.546192318010146e-05, 3: 0.0005651016442188412, 4: 0.002292094460690353}","{0: -0.0013943134993189812, 1: -0.00039930678099525543, 2: 2.529567936774283e-05, 3: 0.00040963996621164655, 4: 0.0015015273519215907}","{0: -0.0010403158343140037, 1: -0.00022292709176555603, 2: 1.55291690906973e-05, 3: 0.00030489757627860816, 4: 0.0010856579797330157}","{0: 1.3044593671157069e-05, 1: 3.4511207716027875e-06, 2: -1.2709193897213138e-05, 3: 6.297729416288743e-05, 4: 7.607775073574119e-05}","{0: -0.0008417622442722847, 1: -0.0003118354477984633, 2: -0.00010272757577521797, 3: 0.000149811010837843, 4: 0.0012492754608054108}",{0: 2.856860497585781e-05},"{0: 1.318402644480929e-05, 1: 3.9388697888482494e-05, 2: 2.375507283441842e-05, 3: 4.384767342479232e-05, 4: 2.2666107959952738e-05}","{0: -0.0004993571022846834, 1: -0.00019597499527890713, 2: -5.507258683615415e-05, 3: 8.910382350754517e-05, 4: 0.0008040942547000154}",{0: 2.856860497585781e-05},"{0: -0.002562226140404158, 1: -0.0006953488230452006, 2: 8.762642232741695e-05, 3: 0.0006385019164680601, 4: 0.0026742952016453594}","{0: -0.0025633134614264966, 1: -0.0006898992663499811, 2: 8.177457570434474e-05, 3: 0.0006392580831758564, 4: 0.0026750280957470547}","{0: -0.0018983576857767863, 1: -0.0004452084831355735, 2: 1.869021626198898e-05, 3: 0.0004977756476262385, 4: 0.001969942401221583}","{0: -0.0018918900694906396, 1: -0.00045080699399611864, 2: 1.2373457831619636e-05, 3: 0.0005003095985893748, 4: 0.001972855509415473}","{0: -0.0013617290969770526, 1: -0.00035373082555455274, 2: -3.297964236936471e-05, 3: 0.00046794310442952873, 4: 0.0014233336991095584}","{0: -0.0013666113975234666, 1: -0.0003450723561901272, 2: -3.570076797464437e-05, 3: 0.000474440817733179, 4: 0.0014157806867761595}","{0: -0.001371580453417237, 1: -0.0003798613536825902, 2: 2.9299410720020367e-05, 3: 0.00045599182004999166, 4: 0.0014088619711387466}","{0: -0.0008289769612387291, 1: -0.00023095940495503742, 2: 1.310787310671349e-05, 3: 0.00029135452743619, 4: 0.0008983726037053329}","{0: -0.0008384565859519962, 1: -0.00022335284665957, 2: 2.4013003372230204e-05, 3: 0.00029088434146390234, 4: 0.0008897546843759221}","{0: -0.0008611195223504404, 1: -0.00019958413275958525, 2: 3.3583183185210504e-05, 3: 0.000247517875012298, 4: 0.000922361980903649}","{0: -0.00219882953174083, 1: -0.0004742392345372659, 2: 0.00010521380174733359, 3: 0.000522344258954571, 4: 0.0021881443294837107}",{0: 2.856860497585781e-05},{0: 2.856860497585781e-05},"{0: -0.001826616939036051, 1: -0.00035425290921629654, 2: 5.2042028782620765e-05, 3: 0.00043076108630825665, 4: 0.0018407353493217584}",{0: 2.856860497585781e-05},{0: 2.856860497585781e-05},"{0: -0.0003766742844618503, 1: -0.0001614910808933206, 2: -3.343208914316268e-05, 3: 0.00017966664866036697, 4: 0.0005347680019408978}","{0: -5.1495890921893274e-05, 1: -5.941407237121075e-05, 2: -1.5017640397902856e-05, 3: 0.000139692452830666, 4: 0.00012907407813265675}","{0: -0.0010909383148249767, 1: -0.0003252055554511939, 2: -1.6989388891408184e-05, 3: 0.0003734991264383285, 4: 0.001202472874634593}",{0: 2.856860497585781e-05},"{0: -0.0030014565635164583, 1: -0.00028549030632490105, 2: 7.642696899008251e-05, 3: 0.00036276725282804404, 4: 0.00299213216400971}","{0: -0.0010520435431748357, 1: -4.085259974450017e-05, 2: 3.255447770750333e-05, 3: 0.00018312345271668108, 4: 0.0010199596474385422}",{0: 2.856860497585781e-05},{0: 2.856860497585781e-05},"{0: -1.3582820084857002e-07, 1: 5.104779278198932e-06, 2: -1.5613350742758375e-05, 3: -1.3005403550247301e-05, 4: 0.00016648867448436632}","{0: 5.9296465027690766e-06, 1: -2.0279097667875798e-05, 2: 8.835368845119865e-06, 3: -6.755856270809698e-05, 4: 0.00021591381475684823}","{0: -4.627495059630041e-05, 1: 1.6211555173238474e-05, 2: -7.755672946154398e-07, 3: -9.645957215482145e-05, 4: 0.00027013880106303444}","{0: -1.3469641708857734e-05, 1: 5.010495108287728e-06, 2: -1.0561141313669865e-05, 3: -1.256134414221319e-05, 4: 0.00017442070485840033}","{0: -7.819538401422494e-06, 1: 1.7584296141331224e-05, 2: 1.4556461971060123e-05, 3: -3.92354035960124e-05, 4: 0.00015775378786150496}","{0: 3.371083746752749e-06, 1: -1.8862777231084607e-05, 2: 1.8722013003632247e-05, 3: 3.2889767846831314e-05, 4: 0.00010672056865716138}","{0: 3.637719125869155e-07, 1: 2.8599598135558378e-05, 2: 2.2994969642116756e-05, 3: -2.851277455629677e-05, 4: 0.00011939480816752334}","{0: -2.626584554186622e-05, 1: -2.5098123477265182e-05, 2: -9.932923985823194e-06, 3: -3.6233187548327675e-05, 4: 0.00024036795036530445}","{0: -0.002728510801335172, 1: -0.0001465964257655934, 2: 6.514810969393187e-05, 3: 0.00019186530921819136, 4: 0.0027606776359816935}","{0: -0.002728510801335172, 1: -0.0001465964257655934, 2: 6.514810969393187e-05, 3: 0.00019186530921819136, 4: 0.0027606776359816935}","{0: -5.239424220912153e-06, 1: -1.149734331523593e-05, 2: -3.349484525136995e-06, 3: -2.725177575304191e-05, 4: 0.00019017787435111373}","{0: 1.991732148441069e-05, 1: 2.496562762148876e-05, 2: -4.497483201414054e-05, 3: 6.027280139954271e-06, 4: 0.00013690681432770263}","{0: -0.0006984458627376774, 1: -0.000157741482624557, 2: 7.278316513900621e-06, 3: 0.0001018147772118349, 4: 0.0008899352749844857}","{0: 1.7247628465143136e-05, 1: -1.3204489285342952e-05, 2: -4.2205542390966755e-05, 3: 4.083286395203884e-05, 4: 0.00014017149983677998}","{0: 5.28960802161486e-06, 1: -8.933535618389813e-07, 2: -1.5203834360050146e-05, 3: 1.025756350065968e-05, 4: 0.00014339085278619384}","{0: -0.0004298002858016709, 1: -7.009467171353137e-05, 2: -2.6211374717556348e-05, 3: 9.694095210776492e-05, 4: 0.000572003255057898}","{0: -0.004619224277698239, 1: -0.00240096098767473, 2: 0.00018897898963142205, 3: 0.002326392103269037, 4: 0.004647672277767768}","{0: -0.002780967015723148, 1: -0.0006904330768941407, 2: 1.4297788666223466e-05, 3: 0.0007062890384730277, 4: 0.002893654948736916}",{0: 2.856860497585781e-05},{0: 2.856860497585781e-05},{0: 2.856860497585781e-05},{0: 2.856860497585781e-05},"{0: -0.0023344109918590804, 1: -0.0003906306293837804, 2: 0.0003130132811122679, 3: 0.000732293402802176, 4: 0.0018223558150236468}","{0: -1.7642941735236964e-05, 1: 5.6317621652015615e-06, 2: -4.602229665665182e-05, 3: -6.178742466616072e-06, 4: 0.00020706120917559885}","{0: -0.002730062714155472, 1: -0.0001442260259265432, 2: 6.459220639312143e-05, 3: 0.00019186530921819136, 4: 0.0027606776359816935}","{0: -0.005338129633174755, 1: -0.001955803330555839, 2: 9.336649131997918e-07, 3: 0.0019233489908826351, 4: 0.005512490734812727}","{0: -0.0018009779129633716, 1: -2.3293484636577392e-05, 2: -1.5968666605430967e-05, 3: 0.00012267519794226597, 4: 0.0018604037041280589}","{0: -0.005492120972637983, 1: -0.0019156032238976518, 2: -5.645405238956676e-06, 3: 0.0019022521333950835, 4: 0.005653957276749422}","{0: -0.002625830988072588, 1: -7.473295455489887e-05, 2: 4.5802222487125104e-05, 3: 0.0001415686360696795, 4: 0.003341808848871384}","{0: 5.071146583584317e-05, 1: -7.348856906153275e-06, 2: -3.072940644125921e-05, 3: 4.9270976497192615e-06, 4: 0.00013932419771637327}","{0: -0.001970211317746355, 1: 7.04602537177615e-06, 2: 3.2434994740081553e-05, 3: 4.0143857038385266e-05, 4: 0.0022380358927493508}","{0: 4.384420645534421e-05, 1: -2.4436116171098228e-05, 2: -1.9053397330818158e-05, 3: 6.814617408111555e-06, 4: 0.00014326414632827013}","{0: -1.5205491368827933e-05, 1: -4.805957214926825e-06, 2: -3.1104865540290305e-05, 3: 2.6417602104966987e-05, 4: 0.00016753762163124815}","{0: -0.0016503308551682706, 1: -0.0003986572507126178, 2: -1.7766967154172167e-05, 3: 0.00035996518610075667, 4: 0.0018496285557383714}","{0: -1.0257154488120466e-05, 1: 9.712610493839739e-06, 2: 2.450515987484971e-05, 3: 5.382573557741876e-05, 4: 6.505629141085654e-05}","{0: -6.11445341211944e-06, 1: -3.442403162085503e-05, 2: -1.7761736646688796e-05, 3: -1.1986786958723984e-05, 4: 0.00021312411148734852}","{0: -0.0045029102699411265, 1: -0.0009075703039931387, 2: 7.346864341641602e-05, 3: 0.0008920805516940323, 4: 0.004587778624821696}","{0: -2.4789517238500295e-06, 1: -2.180105915206111e-05, 2: -2.3544650047136023e-05, 3: 6.291869797511512e-06, 4: 0.00018437289717839812}","{0: -0.0012086110212883097, 1: -0.00018823677661125978, 2: 2.8794910049935938e-05, 3: 0.00022860725375228004, 4: 0.001282288680251915}","{0: 3.5720657189451794e-05, 1: 2.8123389931741845e-05, 2: 2.144762229617632e-05, 3: -7.352555480177433e-05, 4: 0.00013106731224171565}","{0: -1.6743054396857938e-05, 1: -2.2341581434714792e-05, 2: -1.585182235874456e-05, 3: -6.841141366072469e-06, 4: 0.00020461636462000026}","{0: -0.00362204927910422, 1: -0.0002901447520671029, 2: 4.8793130660149365e-05, 3: 0.00039564779249503656, 4: 0.0036105980342328032}","{0: -3.267816557111318e-05, 1: 1.9273013020682436e-05, 2: -4.6619564704806654e-05, 3: 1.3085911154219273e-05, 4: 0.00018977607308141208}","{0: -2.626584554186622e-05, 1: -2.5098123477265182e-05, 2: -9.932923985823194e-06, 3: -3.6233187548327675e-05, 4: 0.00024036795036530445}","{0: -0.002730062714155472, 1: -0.00014388047140572333, 2: 6.424661938315892e-05, 3: 0.00019186530921819136, 4: 0.0027606776359816935}","{0: 1.0814820148784288e-05, 1: -3.5573248560441725e-06, 2: 1.8806464020830338e-05, 3: 7.586719144639037e-06, 4: 0.00010919067736168058}","{0: 1.4644316190362227e-05, 1: -1.402784031248635e-05, 2: -1.2327251374044875e-05, 3: -1.1451395906748133e-05, 4: 0.00016600388723935711}","{0: -0.0018009779129633716, 1: -2.3293484636577392e-05, 2: -1.5968666605430967e-05, 3: 0.00012267519794226597, 4: 0.0018604037041280589}","{0: 1.7415453573641094e-05, 1: 2.0966959587549536e-05, 2: 2.3927686865749515e-05, 3: 3.9272657071963164e-05, 4: 4.1259219256234e-05}","{0: -0.00012040015568578304, 1: -2.0513596652318723e-05, 2: 0.00010406471892719471, 3: 1.4581418210036852e-05, 4: 0.00016511773758076575}","{0: 2.627278975680553e-05, 1: -1.654131262777461e-05, 2: -6.581620616229935e-06, 3: 4.3479017610223936e-05, 4: 9.621555250606524e-05}","{0: 9.812022308028319e-06, 1: 5.5211507900114936e-06, 2: 1.2001770183752631e-05, 3: 6.35257541888269e-05, 4: 5.198056407477221e-05}","{0: -0.0012948771881029345, 1: -5.722803583556579e-06, 2: 3.105370112782383e-05, 3: 5.148036543596439e-05, 4: 0.0013609091836295328}","{0: 3.188346593028469e-05, 1: 6.074740382402226e-05, 2: -3.776002618640685e-05, 3: 3.7889009277242985e-05, 4: 5.007693638206716e-05}","{0: -1.1265896215406271e-05, 1: 2.111756491001458e-05, 2: 2.1694148670571716e-05, 3: 4.4808113950469315e-05, 4: 6.649062026374074e-05}","{0: 3.5553443223256663e-05, 1: -2.1506064186095987e-05, 2: 3.730543962589704e-05, 3: 2.4284142224563137e-05, 4: 6.720672064657535e-05}","{0: -0.0009143756170886887, 1: 1.6271242380661925e-05, 2: -7.702549957522432e-06, 3: 8.635340660666245e-05, 4: 0.0009622931330336037}","{0: -0.0005078458589671624, 1: -5.4038769519996356e-05, 2: -2.5320811507692385e-05, 3: 4.6231638301087514e-05, 4: 0.000683811760349824}","{0: -4.044255414642743e-05, 1: -8.739386783001886e-06, 2: 1.2314078045265042e-05, 3: -3.075407847244762e-05, 4: 0.0002104634381239398}","{0: -0.0013617290969770526, 1: -0.00035373082555455274, 2: -3.297964236936471e-05, 3: 0.00046794310442952873, 4: 0.0014233336991095584}","{0: -0.00037380485550814326, 1: -0.00010650992946858515, 2: 4.387387345101099e-05, 3: 8.663521444178822e-05, 4: 0.0004926501608339971}","{0: -4.1118656679719535e-05, 1: -6.026348552344721e-05, 2: 0.00011588543704052304, 3: -3.0988345565188615e-05, 4: 0.00015932152420525473}","{0: -0.0008289769612387291, 1: -0.00023095940495503742, 2: 1.310787310671349e-05, 3: 0.00029135452743619, 4: 0.0008983726037053329}","{0: -0.00026349987131718647, 1: -8.575512907713998e-05, 2: 9.152885471979442e-05, 3: 9.738287612101189e-05, 4: 0.0003031922134184013}","{0: 1.9403702988029048e-06, 1: -1.2481724627925981e-05, 2: 5.448395887181506e-05, 3: -4.5388748978479124e-05, 4: 0.0001442866659556067}","{0: -0.0005827832303585055, 1: -0.00011331058869778465, 2: -2.7634095791785857e-06, 3: 0.00015695659353772427, 4: 0.0006847407144083059}",{0: 2.856860497585781e-05},"{0: -1.3582820084857002e-07, 1: 5.104779278198932e-06, 2: -1.5613350742758375e-05, 3: -1.3005403550247301e-05, 4: 0.00016648867448436632}","{0: -5.1205936921002245e-06, 1: 1.1594882067580121e-05, 2: -9.40072825393094e-05, 3: 6.449601123112321e-05, 4: 0.00016587684064092568}",{0: 2.856860497585781e-05},"{0: 5.9296465027690766e-06, 1: -2.0279097667875798e-05, 2: 8.835368845119865e-06, 3: -6.755856270809698e-05, 4: 0.00021591381475684823}","{0: -3.8973487213850916e-05, 1: -2.8252243926497246e-05, 2: 6.340397274229612e-06, 3: -4.169934647023693e-05, 4: 0.0002454213554843115}",{0: 2.856860497585781e-05},"{0: -4.627495059630041e-05, 1: 1.6211555173238474e-05, 2: -7.755672946154398e-07, 3: -9.645957215482145e-05, 4: 0.00027013880106303444}","{0: -4.5811352201073806e-05, 1: -2.131432860076181e-05, 2: -3.0426109164625825e-05, 3: -5.109179575962738e-05, 4: 0.0002914796180363098}",{0: 2.856860497585781e-05},"{0: -0.0004468997289620224, 1: -0.00015961532597800733, 2: -6.80142928708667e-06, 3: 0.0001289306288599263, 4: 0.0006272255550575854}","{0: -1.8361694570936264e-05, 1: 6.400270672272597e-05, 2: 6.588614821450093e-05, 3: -1.3557393707891073e-05, 4: 4.4869297893853316e-05}","{0: -8.328730642737422e-05, 1: -4.1962124665013524e-05, 2: 5.988909380351563e-05, 3: 6.774321675424344e-05, 4: 0.00014047066549105556}","{0: -0.0002785714711995178, 1: -8.764012803348633e-05, 2: 2.5426549621653414e-06, 3: 4.38518175193002e-05, 4: 0.0004626577048930243}","{0: 9.837551786985741e-06, 1: 3.928376785236992e-05, 2: -7.229363855037695e-07, 3: 2.3138686178104423e-05, 4: 7.130544497268784e-05}","{0: -6.739441193671065e-05, 1: -4.557259801638702e-06, 2: -7.311504877554354e-06, 3: 8.087353742187719e-05, 4: 0.000141243256782896}","{0: -0.0001751114495166062, 1: -7.279238504854664e-05, 2: -2.0950956925797107e-05, 3: 9.433932556775505e-05, 4: 0.00031735383539570556}","{0: -2.5669533476002093e-05, 1: 4.513636565456439e-05, 2: 1.698583885158685e-05, 3: 5.687703043166458e-05, 4: 4.951598473414881e-05}","{0: -3.0890659323070374e-05, 1: 2.735009278176467e-05, 2: 2.8523133410569258e-05, 3: 8.095264684631766e-05, 4: 3.690859521844532e-05}"
0.019969594603578833,0.6053859367930555,0.007634002228512744,0.7659195478360021,0.014704205883053796,0.7324554811742319,0.0077844281744174175,0.72302284446149,0.014628988519560713,0.7049066544209848,0.018841265799308136,0.6188858827436173,0.7665590417345901,0.7420833610821717,0.878469487005427,1.0727911777984185,0.7195551827513946,0.0019178889489820117,1.2249622472624708,0.5502150269666188,0.009138267938405095,0.773163578547576,0.6502678910275583,0.9428278123781617,0.745866048068631,0.9899303518178214,0.7012075028602595,4.056856161393889,1.0467059198591915,0.6721757626471299,1.8195930154797573,0.01885415888096586,4.82351533712882,4.783784594954238,0.0392120339007258,7.022695003720883,7.681595195700319,0.6702052396797917,0.6505030477577272,0.48000803439648126,0.0003384508402360057,-0.02304831647835414,-0.014947759239899595,1.573962771163891,1.6599945503250753,15.89198717628273,21.850670487784058,41.09952066481366,1.9711255365016693,1.9896716245092485,1.8454233088273602,1.8227711487397007,3.5580750550396614,-0.002954541420651431,-0.002954541420651431,4.804960832238926,3.999397712063458,0.08299924357060437,3.885333737500378,5.817716115117639,0.15424203975195336,212.00572792112865,0.34825795101294876,4.240509873892886,2.7416699129538658,32.2475232288658,35.54407935364788,3.171008320020946,3.1412975460513053,-0.003369481744152226,0.057797137947654405,0.03674250706341404,0.12188889388042011,0.00833516872649769,0.03787974324480873,0.01361024230350297,0.021531584634506527,4.041615423249642,0.016684733670469753,0.3758709109344262,4.019945793882888,0.0030265020348668923,3.8605326014169985,0.08669566961665805,1.7902482680069178,3.736777409148938,-0.005394335435374855,3.5862216726014453,3.5580750550308227,-0.0033694818942611336,2.971107120060483,3.1180480811424403,0.03674250708480684,2.665806249888277,0.20158179682096522,4.196024949483847,2.991770612365984,0.08297205695455005,0.259986230567323,4.068751989369352,3.0832322804662664,0.09262467303164122,0.3124591708013433,2.5582280476051382,0.9899303518178214,0.5877994445612089,3.3243110907079103,1.0467059198591915,0.6841812029590534,4.124731039951927,1.4716145305586492,-0.023429926448351485,15.89198717628273,-0.37693939306222624,0.008160493622701225,21.850670487784058,0.35538103353581507,0.013651168326098377,41.09952066481366,1.0850190344203134,0.005828900252229989,0.10194532949782772,0.10718754424747287,0.40054195118828634,0.20028527494011122,0.1821321488075008,0.24330077432717048,0.2000943042332866,0.39782445137757527,0.07324318799929763
-1.9996764137127438,14.456330911945216,-2.0000169332364472,13.602937425202757,-1.9998589916164913,10.540890057812652,-2.0000146138172474,13.46061779534017,-1.9998611980650083,10.44066696453812,-1.9997202067712745,9.790079443971809,13.73813762799428,10.56349658508579,9.593063887834345,1.1073480677534024,1.436513829544348,-2.0000715349817275,1.7244826980866717,1.6247260581188896,-1.99999170233676,14.528329784119308,13.942199396787359,13.6319655953457,12.491055028700483,12.762809306985357,10.9890900762325,40.061812470433885,9.798666931296337,7.912702091699842,9.087719749926686,0.18415370151503696,21.26709994662972,20.885380435629376,0.5568909074596,47.320024563889895,57.00904855096298,11.32419041853597,10.371198524990403,10.447459813031807,-2.0000750988647944,-1.160610608653171,-1.2024139731590102,0.47737675515188105,0.7556103201094313,858.2610416560325,1620.02084576778,4722.875779654954,5.469060667309627,6.83742814115943,4.544340165224696,5.367616481941512,22.699868987350442,-0.6180870144335908,-0.6180870144335908,35.95632909830846,25.73935926776528,-0.5948426822408046,22.678380644243774,58.41681816215443,-0.36697223891389275,47165.614030245444,7.251347854142187,15.982525005433544,5.516961373240592,1037.9417857678247,1261.4290126150454,18.001677009182075,19.2846149802323,-0.6160580242416343,0.689353893371337,-0.3304409065007321,2.570260068426141,-1.4608985660749336,-1.2799341864512759,-1.4804576823444202,-1.2515678400898467,29.6503454702621,-0.3702239148160036,-0.7943816961839651,30.36696595367871,-1.2850046635398125,26.010572756997586,0.5276396453869365,4.6945845961956785,24.56421804380943,-0.9273699065022214,21.99463300022486,22.699868987204987,-0.6160580236082143,13.579155273636665,16.92398264661222,-0.33044090678476934,10.720909113032596,1.553370406362982,37.41654122529354,15.574733762760808,-0.14709029865913203,1.4878963959982534,32.73805872998436,17.57631037641179,0.1066042298860519,2.046982803109723,8.795810185149971,12.762809306985357,4.090010732542368,15.4794635075082,9.798666931296337,6.344720909045231,25.427313991223272,12.99779382663148,-1.9995262313204523,858.2610416560325,-0.569677113657038,-2.0000086172575857,1620.02084576778,-0.38947459199549295,-1.999888852013362,4722.875779654954,1.536082552435428,-2.0000412360622173,-0.5859333151698563,-0.16975197937989517,0.7917991272607976,-0.19103164361119962,0.17440642214419455,0.4927932290685564,0.015246137335726662,0.5091772086798358,-0.12632283564602798
0.23399228815950346,0.0010141517641691093,0.1328317502116054,0.001243112599454753,0.07407128750117559,0.0013475305534468734,0.1154518950437318,0.0007212784498564942,0.05473525815856296,0.0009191159966681547,0.04547540675256277,0.0005780523081927473,0.003083671629041688,0.0031131971015462144,0.003119484281891144,0.5397810789364093,1.264709870124002,0.26043449637919686,0.15019727054397125,0.511483079183206,0.15284491676855075,0.004560574075274165,0.0009116793919204685,0.004579960936035248,0.0004576499061778802,0.004604583901052849,0.00022997362205987615,0.1936856573545911,0.004631142063077034,9.24042693416572e-05,0.0663665605983349,3.4883584727498973,0.025054076930311295,0.026032164017680805,2.340410027855029,0.011210382770619769,0.010420389353898241,0.16772819745622122,0.11276153498220123,0.114347156921604,0.1618734129596539,12.698860636547709,6.660155971407924,0.13929276779836358,0.13996614313928338,0.1446601699414035,0.06818530845061806,0.026149096053885924,0.07325527941145216,0.00017707269005650506,0.04982873633201074,0.00012153419555124198,0.17482891790232047,0.13211210542042381,0.13211210542042381,46.862975651556475,0.6617362551264352,0.06900058119522542,19.302185841587512,0.6850739162176225,0.026838000667761756,0.01220248900788617,0.003006602997615461,0.09073638672058686,0.17360857707138158,0.0019185554406094235,0.0015799868334430546,0.003100147296019432,0.0015219885079576988,0.5151026416932191,1.0934219395038516,0.3438451397933025,1.0761385045099303,0.13330445311765257,0.24860674315809284,0.08634364713627388,0.2264239255149064,0.38654256601011117,0.7717137334391072,1.9603284269254313,0.0009288382759197622,0.7803722169785152,0.2609967825636543,0.38178364207485466,0.8969512474199711,0.0006266901037909759,0.6545342735579472,0.1865775570971021,0.0004484267127043431,0.5151026382623493,0.1187059532851065,0.00028560737790212377,0.3438451383467031,0.08166228413858324,0.03828780118784164,0.09660144782446638,0.00019732448207277658,0.2448787782911675,0.01915691108790658,0.04740810778726817,0.0001399945779747094,0.17307645226985446,0.16132537082124035,0.38356205181161773,0.004604583901052849,0.07596373224642694,0.23641291093121844,0.004631142063077034,0.04283350693460185,0.17021232537540248,0.004629428247663042,0.48073168437882063,0.14466016994140352,0.15874191132536503,0.2545753785385122,0.06818530845061807,0.1608049925375786,0.13829210947051632,0.02614909605388593,0.16195053396263687,0.06100253926455374,0.057048517727051606,0.06114987147176193,0.03947657037304157,0.021547434834820755,0.022828907544369302,0.01211896433875354,0.010278571817318805,0.011016686832673121,0.005243740838571887
0.4687787910125035,0.4680266992573094,0.4683087336655072,0.4679890946695497,0.47131710068628374,0.4708094387515277,0.47368618971514526,0.4728964933721914,0.4756228259847701,0.4751151640500141,0.47646892920936357,0.4760176741562471,0.46135188492996143,0.4663344928081226,0.4676694556735922,0.4791952618219423,0.4792892732913415,0.46189715145247723,0.4786687975933064,0.4791200526464229,0.4668609570367585,0.4517251104634765,0.45949045783585596,0.4585315408479835,0.46300648679138856,0.4640030083670208,0.46780107173075114,0.47930807558522137,0.4701137538779731,0.4721444016169973,0.4791200526464229,0.4793456801729811,0.05142427376139889,0.0551659302434897,0.4792892732913415,0.04382814703393814,0.043809344740058286,0.4716931465638808,0.4770894049073987,0.46723700291435555,0.46759424649807274,0.47622449938892547,0.4793268778791013,0.11240011281376328,0.12360627996615588,0.48335056876938987,0.4865469587289649,0.48137632791200524,0.4793456801729811,0.4793456801729811,0.4792892732913415,0.4792892732913415,0.47930807558522137,0.4731409231926295,0.4731409231926295,0.47930807558522137,0.47930807558522137,0.4745886998213782,0.4791200526464229,0.4791200526464229,0.4775030553727555,0.46360816019554385,0.4594716555419761,0.05595562658644355,0.07823634483406976,0.0357055560778415,0.03566795149008179,0.47710820720127856,0.47930807558522137,0.46135188492996143,0.4651687505875717,0.4663344928081226,0.46458587947729624,0.47930807558522137,0.47930807558522137,0.4791200526464229,0.4791200526464229,0.47947729623014007,0.47665695214816206,0.4835009871204287,0.47947729623014007,0.45817429726426623,0.479364482466861,0.4731409231926295,0.48387703299802576,0.479364482466861,0.45683933439879665,0.47930807558522137,0.47930807558522137,0.46135188492996143,0.4791200526464229,0.4791200526464229,0.4663344928081226,0.4786687975933064,0.4768825796747203,0.48178997837736204,0.4786687975933064,0.4676694556735922,0.47498354799285514,0.48220362884271883,0.4780295196013914,0.4689480116574222,0.479364482466861,0.4797029237566983,0.4640030083670208,0.47816113565855034,0.48032339945473346,0.4701137538779731,0.4794208893485005,0.47823634483406974,0.4673874212653944,0.48429068346338255,0.48335056876938987,0.4793832847607408,0.4842154742878631,0.4865469587289649,0.47930807558522137,0.48461032245934005,0.48137632791200524,0.4791388549403027,0.4863589357901664,0.4752843846949328,0.4808686659772492,0.4837266146469869,0.47710820720127856,0.48150794396916424,0.48432828805114225,0.4790260411770236,0.4793832847607408,0.4837266146469869
0.7660341387766082,0.9404601020968161,0.8672137700671669,0.9801908241767981,0.925951172868917,0.9933782926774345,0.8845876024856056,0.985267415267547,0.945281369381637,0.9962706692069229,0.9545311643979922,0.9974906185678675,0.9219403422173837,0.9694753645117751,0.9844342601514777,0.9972164442722807,0.959761009736922,0.7396583051391533,0.9994847577206037,0.9850158147314945,0.8472064980358994,0.7941786026428331,0.7940675011056345,0.8983078687129665,0.8978905273404703,0.9499176590950891,0.949536619909581,0.9057484033280683,0.9797293266438757,0.9794983916120856,0.9723226458275834,0.9169070890455264,0.6585786324323653,0.6502160271958292,0.9436468339989508,0.701268894037998,0.6718624417282817,0.9934681161494358,0.9968168727460791,0.9671578010398746,0.8381844123818233,0.8185493685191735,0.9439567884363522,0.5488226384018051,0.5273658713172148,0.04687271480398455,0.07541166912442267,0.08702335327965038,0.9964309381651938,0.995069376835953,0.9982356871829083,0.9974083861272294,0.9896394510025193,0.8490438998703399,0.8490438998703399,0.9955825181706549,0.3734372812142537,0.9259156632871156,0.9990424094509027,0.42588465593307984,0.9736160440965977,0.07993661055544606,0.860257668090556,0.003139904185189091,0.00047973827350049396,-0.0009598554570605872,-0.0007903353279891463,0.9533470016735004,0.9826029893479955,0.8488930233082695,-0.023331973833437644,0.9349398045413017,-0.015335197982703537,0.8341387747599908,0.4234210664688919,0.9261992040008921,0.50405911627761,0.8761961576909068,0.39264604815950027,0.14646373914734045,0.865224468361541,0.518742709232082,0.9658389116214653,0.7242280457294022,0.5389700370537774,0.9625948593240774,0.7294658384195609,0.9905442833009116,0.9896394510025273,0.84889302381881,0.9984090782421264,0.998268204515507,0.9349398046803861,0.9996070981168703,0.9922469082443682,0.9621946697888402,0.9995645821446348,0.9655099077816203,0.9979203701991575,0.9885484836350856,0.9998782574499854,0.982089858399922,0.9220583138582736,0.9121146742570634,0.9499176590950891,0.9717976469900756,0.9695964504899091,0.9797293266438757,0.9864574140563351,0.9852703887127768,0.9896598753572857,0.5192255454158876,0.04687271480398454,0.6805724107889085,0.745445522165094,0.07541166912442265,0.7962909563393588,0.8617188896828377,0.08702335327965043,0.8375462283816114,0.9390037003668651,0.9512297881336056,0.9032652032491618,0.9065801102006518,0.9816966330298673,0.9646492719063541,0.9720702388823952,0.99119201199713,0.9829574734887331,0.9890027577736507
0.5660586932957528,0.798677162749487,0.7492395282156903,0.9296262960079831,0.8606246260739089,0.9762571609251812,0.7788733613056759,0.9456413165009558,0.8936445392403464,0.9858823121824452,0.9110163055635518,0.9902914602602503,0.8452879532877244,0.9392216247602198,0.9689802136118649,0.9901031124825319,0.9142397969174717,0.634694963750063,0.9982643087297546,0.9672362257446451,0.7826327734725959,0.5933259837084676,0.5931033766010317,0.7983388726176972,0.7977512229181821,0.9000427541273288,0.8994265699053587,0.829742995184082,0.9596510671057632,0.9592920165030301,0.9464974633982662,0.843690174978093,0.5360562042460185,0.5177830019887797,0.8927654816885036,0.5879915115542756,0.5368165168165181,0.9768074311204653,0.987478723031019,0.8929630372199296,0.7053945749500704,0.6829807261583153,0.8256685431519061,0.4057532727258706,0.3815465964925529,0.02525539199168974,0.0449909546648296,0.05628128674165307,0.9904441217596817,0.986854432759178,0.9951594830360172,0.9929792619401393,0.9640469916615823,0.7244129123837401,0.7244129123837401,0.9861239501414993,0.19530930664604765,0.8617979449087175,0.9969766266658606,0.2516181706537837,0.9493386412250511,0.006572746934520125,0.7378829163138987,0.002725671407075239,0.0015604124303277888,-0.0009598735225476041,-0.0007903502004102552,0.9058246592687325,0.956850592027847,0.7241507873746772,-0.021820832149552293,0.8760766915059671,-0.01473808394094493,0.7160097997859323,0.2827671305282151,0.8679114559251913,0.3769288189375026,0.691484245536555,0.059808576897388194,-0.07637390476224376,0.6644937613035053,0.23065989043656168,0.8941824815456043,0.46743089438920044,0.2560646920501296,0.8847149768028846,0.5319002269038392,0.9670853608405411,0.964046991661606,0.7241507881574424,0.9940228036797004,0.993512495355808,0.8760766917514601,0.9984805496031676,0.9753391764119501,0.9042500196406588,0.9983209484136712,0.9331509712440265,0.9926882348059648,0.9652536610869613,0.9995239417646046,0.9646175468166878,0.8525740192785713,0.8347706776686293,0.9000427541273288,0.9456877381521327,0.940995041670009,0.9596510671057632,0.9736487061048298,0.9710431532261964,0.9794869133292416,0.20956379849794152,0.025255391991689736,0.3807711655264293,0.5721117887259349,0.04499095466482965,0.593749738089854,0.7632215835502685,0.056281286741653065,0.6703383822036167,0.8926715822421224,0.9009459603527202,0.8363590771629567,0.8491729982912554,0.9627891684610348,0.9387440654423593,0.9477931886631777,0.982117071817141,0.9701945452491264,0.9772397808276327
0.3895446526134272,0.6105115319829316,0.6412643809034111,0.856962105797716,0.7997334549890075,0.9513133806288521,0.6795483828134216,0.8855795301136044,0.8444127263562448,0.9696145048955181,0.8679511317790609,0.9787164084349701,0.7700478371156084,0.9091727322964277,0.9536369189242463,0.979350351757101,0.8727424178807753,0.5519156546939725,0.9963801269815263,0.9503125035560372,0.7338517690931591,0.39194491331466064,0.3915803857945887,0.6997435931619228,0.6989646796325486,0.8503218047389314,0.8494841642577097,0.7628766798900499,0.9395313203801712,0.9390062542915659,0.9225430967995772,0.7788342809966431,0.43608999363719014,0.4374130764894941,0.8463574665177139,0.5027827611143463,0.45270886135498817,0.9524081871284209,0.9724576995440684,0.7948769141440089,0.5894475507442685,0.5718459079787085,0.6874281088679427,0.3158641793087265,0.2982195064723767,0.006576544875104788,0.030489274196973025,0.03832954018420039,0.983153765003231,0.9768442765911948,0.991300118339087,0.9874335353448422,0.9270471064784135,0.620837003173006,0.620837003173006,0.9731451951240024,0.13125852376199607,0.8015842131422782,0.9941318562331223,0.1915991103970082,0.9255477213806409,-0.008208339310958344,0.6256212988793289,-0.005127830671632192,0.00612698394637686,-0.0009598915887146858,-0.0007903650733910235,0.858132488863343,0.9277088262392763,0.6204653649726506,-0.02652388506309753,0.8220849521068838,-0.01460612858913499,0.6208734248477681,0.2078254012242828,0.8177452206852477,0.3110236647055197,0.5344083926143713,-0.05674491684208272,0.05553876943992059,0.493500331170182,0.053484584849064494,0.8036781228761063,0.265473842155601,0.07341813678389753,0.7865601637062,0.38248633105221214,0.933108699914106,0.9270471064784594,0.6204653658835413,0.9871608964505897,0.9860789670199003,0.8220849524403753,0.9966660113649719,0.952621734066454,0.8415586023161358,0.9963196560035932,0.9024612842325119,0.9850526174002897,0.9361695089584043,0.9989443565857481,0.9478673875776197,0.7879207565433971,0.7658659832173366,0.8503218047389314,0.9203389761080277,0.9134463370449635,0.9395313203801712,0.9610908447638679,0.9570727937285378,0.9694672266722967,-0.028120476656218394,0.0065765448751048,0.10341814527765496,0.42238894373820235,0.030489274196973018,0.4003485264615389,0.6745739907417821,0.03832954018420039,0.5070734545094704,0.8504745034266167,0.8498237330195659,0.7735029273026203,0.7866322120872251,0.9433998147960634,0.9137956084283719,0.9225521896529199,0.9727874674808754,0.957941323764768,0.9649304618561966
0.23536500524572962,0.4121174211329212,0.5450940743206041,0.7708436521753048,0.7447070688171492,0.9212204658880606,0.5854847876831917,0.8094652326233549,0.7966082211770339,0.9482337866217792,0.8263135479392364,0.963077398595877,0.6976503730230154,0.8796948517191654,0.9385613256624024,0.9655326962323445,0.8339538715637093,0.4810171877726267,0.9938705878467287,0.9337806450197863,0.6912366761910342,0.19631516615626204,0.19583433367073338,0.6039863580701531,0.6031448659750245,0.8021456299957063,0.8012166163173472,0.7034868973467813,0.9198333573612163,0.91918694041317,0.8994674193037638,0.7220161331833689,0.36585709283565926,0.3610867838379178,0.8044285406062539,0.4386254922358552,0.38400112587372304,0.9222262550483232,0.9523779450888515,0.6853188978178721,0.48726048149719875,0.4784233726723019,0.5722789303738107,0.24619274189065196,0.24080372788076637,0.0063968367849660725,0.026648617370832985,0.038205891092714016,0.9748397754166849,0.9654738367930923,0.9867989135201907,0.9810028459591499,0.8816601509431753,0.5359968515604256,0.5359968515604256,0.9574032344637274,0.09273680512444422,0.7454989703342023,0.9906381823665087,0.15293818783898672,0.9024230391220455,0.0022575892989763944,0.5237466804588683,-0.00016926201760328037,-0.006651693440495308,-0.0009599096555618514,-0.0007903799469316586,0.8116842620159144,0.8961983081455456,0.5355623257261738,-0.00900088870874271,0.7735459176455065,0.002433414219303748,0.540322444488782,0.17239064582917718,0.7734865692775567,0.28122732460004,0.44174032205354624,0.018399436804639707,0.0021064358830506324,0.39201747284428456,-0.03994571302394029,0.7076441566036425,0.11511090826629194,-0.01903820747397692,0.6823893463553429,0.2674240513080074,0.8913712273618445,0.881660150943248,0.5355623266755346,0.9781119100689157,0.9762737849603718,0.7735459180484313,0.9942063000270266,0.9262020077569528,0.7796430819317831,0.9936066476261338,0.8736412758229324,0.975519333340128,0.9042012321194103,0.9981461755429569,0.9318654402979282,0.7269801979382654,0.7020420346960143,0.8021456299957063,0.8957879474954771,0.8868206075440662,0.9198333573612163,0.948634407412833,0.9433425590636055,0.9595947297749854,-0.19570384763132448,0.006396836784966076,-0.1463089313780842,0.28499590620328036,0.026648617370832985,0.2210721131113463,0.5910756216194729,0.03820589109271403,0.3521169592355294,0.8113596796171084,0.7988746435470483,0.7122243011693757,0.724839911175214,0.9236972121738355,0.8884270987780639,0.8972110276033767,0.9632682180752169,0.9451905146066042,0.9527458550588885
0.11126905716933648,0.2386204585048319,0.4574949285418159,0.6797118027229302,0.6969749843248193,0.8885861770533515,0.4967580899566518,0.7215566353244777,0.7511337474034501,0.9224848627371776,0.7851257365077208,0.9436778270488095,0.6254066992986979,0.8495823709167023,0.9231271375691085,0.9491446883151737,0.7974482809133023,0.41936766207011744,0.9907707670454817,0.917595579500095,0.6536595753006225,-0.002522192227795847,-0.003267334529811068,0.505268838630385,0.5044708190978643,0.7532131897090784,0.7523086246429046,0.6452277842281119,0.8994975477962716,0.898764907566599,0.8761311467587181,0.6694111359538447,0.3099781815915937,0.3064955726823414,0.7645732229703118,0.38449272476595614,0.34372407404783656,0.8878221736662903,0.9279365987660128,0.572632780941719,0.3950733308470237,0.3948862893951167,0.4724939990290424,0.19454685721824805,0.18605489607744527,0.0024115835603504684,0.024265139106353868,0.03358946357614433,0.9657346860553886,0.9530899273563432,0.9817746419772662,0.9738733065359015,0.8303522009812777,0.46011393738686157,0.46011393738686157,0.9395351867987021,0.05691491054206267,0.6915571048169302,0.9866104827851708,0.12823578714549125,0.8793113742250172,-0.024498931306135105,0.4268154725130079,0.006442489851791875,-0.000806732796456796,-0.0009599277230890965,-0.0007903948210320355,0.7643992299592898,0.8631272943145293,0.45963755136820555,-0.020138623974999114,0.7279432125568305,-0.0061560897950056525,0.4666729266476842,0.11578521886908788,0.7325219725877624,0.23311188980653214,0.40890082870327,0.009926056493083427,-0.0006503471163667333,0.35617200164517776,-0.03189015245035535,0.6157383775881382,0.015249852432473421,-0.041076571547430496,0.58254540482383,0.17066884568396085,0.8441516640797881,0.8303522009813793,0.4596375523153102,0.9671348902386769,0.9643681189682614,0.7279432130114466,0.9911422179132096,0.8974299914156681,0.7211351306396262,0.990225304398969,0.8454476895803845,0.9644445155494985,0.8704523109861971,0.997135927712263,0.91579035946273,0.6690339184568477,0.6438772790573412,0.7532131897090784,0.8716196546919677,0.8612085917053479,0.8994975477962716,0.9362504799117194,0.9300180430209175,0.9495015983654684,-0.2544406743406869,0.0024115835603504754,-0.3631962059791963,0.159030761498528,0.02426513910635387,0.06092266464496403,0.5123129963834695,0.03358946357614431,0.21100004494972888,0.7745751151687232,0.7484769921055044,0.652711841464927,0.6650766210640411,0.9038601052754841,0.8629611638032966,0.8719184390026484,0.9536953700704836,0.932594302335809,0.9407061028064662
0.035011644156127,0.12559476456504406,0.383431865040941,0.592196039102965,0.6548827349926214,0.8560591595122526,0.41284205896508774,0.6262594719287384,0.7076133279848278,0.8931352323268167,0.7450647418268277,0.9208238842884109,0.5572130692788658,0.8202519458875349,0.9080391802899769,0.9306175735473627,0.7631116454135363,0.365011938295399,0.9871142608972422,0.9017992497519633,0.6215720660076401,0.006735811934770901,0.005940643056023906,0.40814477184322784,0.40740278006728764,0.7053371615329738,0.7044320723578908,0.592736318830169,0.8792752474112351,0.878454224458576,0.8531784400611837,0.6218646797192013,0.2592256530795211,0.2594863300849366,0.7275338359894233,0.3383795593012416,0.30107776947478093,0.850540692126105,0.8998507341372732,0.4630958268538083,0.31514319274813574,0.3201489552313639,0.3844262628701497,0.15596212154203684,0.14464278083723078,-0.0013604247046578454,0.016528310995166943,0.022222959430370472,0.956138845700219,0.9401209753861579,0.9763793489456566,0.9662729707288078,0.7753552129450012,0.39514682753092034,0.39514682753092034,0.9198653889833006,0.030205532886817925,0.6399844494459902,0.9821204257374687,0.10460266120122216,0.8565490430867735,-0.013460004643158732,0.3404201633401665,0.0006554382606863995,0.0009237069293865121,-0.0009599457912964959,-0.0007904096956922638,0.7170288235351157,0.8290520560319652,0.3946363543024041,-0.01697565766712962,0.6861275992554919,-0.004183170170628616,0.40164077188022423,0.08032138424284783,0.6957221062101876,0.2058207717355891,0.3841906988069521,0.009382114374400662,-0.0030434064791586696,0.32890699364127995,-0.022949777343218094,0.5348978704469439,-0.03661300460906822,-0.0069341915585055735,0.4944502315539873,0.09624978506134635,0.7935600124660686,0.7753552129451343,0.3946363552039198,0.9544794908536132,0.9506217515933821,0.6861275997520082,0.9875149998158855,0.8672814002932512,0.6670378015584858,0.986218932443898,0.8189943699706729,0.9521423588445095,0.8363030869372903,0.9959202590123815,0.9001325992361098,0.6142552555118733,0.5901967600947061,0.7053371615329738,0.8478882555266863,0.8365419851849404,0.8792752474112351,0.924008506991229,0.9170003040151071,0.939742247313011,-0.17889775428826993,-0.0013604247046578508,-0.29547739654731714,0.0402818949580698,0.01652831099516696,0.012460335575018917,0.4368571773578696,0.022222959430370486,0.1744875036482405,0.738917448693764,0.6987114816799319,0.5969555145509138,0.6081591038449257,0.8840802474391116,0.8384766312688805,0.8463362298364356,0.9440792542340654,0.9202087893599036,0.9286569603998478
-0.008299396419772455,0.05932781624301757,0.31869331778225624,0.5086183337292289,0.6188819778602005,0.823548788439006,0.3344139479348076,0.5279177554144717,0.6667240810185859,0.8609400257186205,0.7056040471279285,0.8948153592085265,0.4912402413856115,0.7908328127463623,0.892867360054489,0.910321478834488,0.7302659822715136,0.31336205998511085,0.9829336995606189,0.8861881078420407,0.5902355572179389,0.013066845291690585,0.012502224317390844,0.3120887562249746,0.31142784696568987,0.6564261392096334,0.6556476138756061,0.540605905582061,0.8589553189895552,0.8580391835327869,0.8304653408958731,0.5782357448217232,0.22026392961877,0.22713565976356861,0.692663068412425,0.2892589932724168,0.2738314246915165,0.8113977026095883,0.868817406965137,0.3602282381672644,0.24401068101020762,0.25571206216239545,0.3055700474001337,0.12258405119804529,0.11999712048971302,-0.008951116422439433,0.004005319409628746,0.018195104640930885,0.9463751831571409,0.9268886585316864,0.9707756283453502,0.9583581421998041,0.7185221746252931,0.3389567458175521,0.3389567458175521,0.8988459363530179,0.008435355820950253,0.5902129406728428,0.9772526476867628,0.08026132938779217,0.8341079731401458,-0.0008920636754173905,0.260686383428784,-0.002238564513365358,0.0002720441973663437,-0.0009599638601840968,-0.000790424570912359,0.6702134822144452,0.7945717075549665,0.3384274284568096,-0.018399011790232404,0.6473776984580248,-0.004349624516090655,0.34488725461240083,0.04854361410322306,0.661025826566502,0.1822020842427373,0.3637938406349849,0.011148424341255207,-0.005138030355148632,0.30706952485448635,-0.014016144228899073,0.4694814051528441,-0.04274747551538008,0.0583261320223855,0.4228944980357955,0.04007952808261092,0.7413186883898061,0.7185221746254611,0.3384274292759724,0.9403544825226894,0.9352545273251641,0.6473776989910588,0.9833609609697904,0.8364069440978221,0.6173840550934838,0.9816256918278443,0.7940212273522842,0.9388811596557163,0.8026272693105915,0.9945052301747926,0.8848344779727377,0.5632640870773151,0.539310173326349,0.6564261392096334,0.8243288757598791,0.8122664533937354,0.8589553189895552,0.9118659751924453,0.9041113930387317,0.9298047760793787,-0.10549652072176315,-0.00895111642243944,-0.22138319483641425,-0.06308872225847091,0.004005319409628743,-0.027753979283998625,0.3630534533345514,0.018195104640930895,0.14638208137543238,0.7046124023082766,0.6491678223146357,0.5446464345756133,0.5521751174747529,0.8640626965065104,0.8150128852057463,0.8208911474098854,0.9343866769554163,0.9079835017778485,0.9165675713511506
-0.02738865230734673,0.026899834969726887,0.2605718356519492,0.4293504087861366,0.5863401970722629,0.7910044205465563,0.2637307153349961,0.4307842024657991,0.6274882361853628,0.8266455251064516,0.6667436862077544,0.8659577665669493,0.42771477501021354,0.7613528806435051,0.8776235569415298,0.8885883705257911,0.69888224835874,0.2684800900099544,0.9782596420351254,0.870840375109276,0.5604023118704275,0.01743178440777543,0.01709796964318779,0.2144664225582959,0.21392340350207792,0.6072290394723135,0.6066648102835202,0.4899750193766378,0.8386892313518568,0.8376841276196383,0.8087228533632775,0.5382307021256879,0.1848906796375503,0.18973023196641486,0.6598519678994689,0.24916049474877916,0.23710814564997634,0.7711788249128454,0.835491302177875,0.2658442200156437,0.1831054813094849,0.19632106655872592,0.2335102317216296,0.09151997325078631,0.09179464720211293,-0.012474347524411174,0.005366773801871361,0.015706511389174158,0.936590054966562,0.9136620883887804,0.9650432752393153,0.9502781158357089,0.6614370709173985,0.28864134983258394,0.28864134983258394,0.8767491967987915,-0.016102877678046967,0.5428801851099541,0.9720670623138377,0.056650936913522715,0.8115795349123585,-0.0016775029079302232,0.18800882723710427,0.0014801415098727392,0.004384606904570324,-0.0009599819297518916,-0.0007904394466923776,0.6240245298794765,0.7597853193021293,0.2880997670421701,-0.010687698769142854,0.6115000663810422,0.0034593062317299105,0.2932673537367747,0.023279071288025487,0.6278466439757696,0.1601467993595577,0.3469498863013988,0.013846896438048584,0.0014823729135997467,0.28849671454702647,-0.0034508636718267416,0.4215731371231057,-0.007736474852152612,0.09825004936106228,0.3702644980377161,0.0014813561289698522,0.6888866317946645,0.661437070917603,0.28809976777209234,0.9249504565682902,0.9184711748428245,0.6115000669328988,0.9787146982210666,0.8052138451041567,0.5714792331165807,0.9764820338178526,0.7701307311366165,0.9248641103037527,0.7698573129878963,0.9928969056990085,0.8700655773973054,0.5149299728234193,0.4924183212334419,0.6072290394723135,0.8008009068188903,0.7882315990045873,0.8386892313518568,0.8998881671063163,0.8913615601780954,0.9196136825160058,-0.045972093274941096,-0.012474347524411167,-0.14608282763929514,-0.1526976216814094,0.005366773801871362,-0.061972157761664155,0.29391087209770067,0.01570651138917417,0.12321440514031158,0.6706821779800548,0.6003237445839259,0.4945553830654595,0.5000040609903913,0.8438516997884637,0.7919592884573499,0.7960454824427785,0.9246100276712522,0.8959113338130279,0.9046619854132001
-0.03075567951190955,0.015690306973809905,0.20793944690865887,0.3548298535323213,0.5549255825874796,0.758406037718098,0.20101846723054348,0.3391933859810759,0.5897554348524413,0.7910101791637993,0.62855892145261,0.8345564026700225,0.36590687454480514,0.7314270273937331,0.8621019275271211,0.8657033350179635,0.669110102729017,0.2214902170404853,0.9731218231640348,0.8558527874500603,0.531395403439448,0.016725121109807898,0.016608333924633897,0.1147465474487076,0.11421308985303795,0.5564996796952778,0.5560303970481515,0.4428285197003665,0.8179299471080284,0.8167706878501921,0.787181985689705,0.4999668689723901,0.1613082752160307,0.15990681595672313,0.6279736778184605,0.2160791610208273,0.20038484394920003,0.7304873758999608,0.8004731846373141,0.18056889336857854,0.12844140949479363,0.13884422965065218,0.16666279399734524,0.06910378877367808,0.06257576179618093,-0.021055460611017908,0.0038069815611888906,0.011791382235519062,0.9268870589595541,0.9005311308944848,0.9592426751569895,0.9420868661967494,0.6055122796095668,0.24088809870256314,0.24088809870256314,0.8538987279038263,-0.03163079703613662,0.4969328159812849,0.9666308706995337,0.043943590729582115,0.7891451067388813,0.16993153092723878,0.11966395574041223,0.001065904181786948,0.001134273257768584,-0.0009600000000000124,-0.0007904543230323387,0.5784163581570074,0.7251286062121867,0.24033720492601737,-0.012627697077882803,0.5772357037452441,0.0019189313014758354,0.24329783318574175,-0.015360424455235605,0.5951591551238946,0.13075723666429712,0.3327000434393772,0.009923308138865168,0.0018020114108542047,0.27257384399261203,-0.0015449489603876591,0.3902786793704504,0.04572042020394198,0.023686261498725544,0.33573004820323976,-0.021123542869202684,0.6375423177666566,0.6055122796098082,0.24033720557380106,0.9084444120748885,0.9004629479206836,0.5772357043120144,0.9736081695267236,0.7739548909978635,0.5286147866842741,0.9708219459387171,0.7472467274230757,0.9102329177786654,0.7380912689990925,0.991101227541949,0.8556585350676384,0.4672213731873059,0.4486766539425057,0.5564996796952778,0.7773117981266889,0.7646050371010061,0.8179299471080284,0.8879608853815729,0.8788455694729748,0.9092359861421534,-0.014281363558706718,-0.02105546061101791,-0.07969383400724188,-0.22504634041738864,0.003806981561188889,-0.09488764701550104,0.22679680760664336,0.011791382235519062,0.10198211973746744,0.6374276865532932,0.5516023751713995,0.44487293604661177,0.4480947250249965,0.8235468875372494,0.7689876107001526,0.7717263512700688,0.91472248906607,0.8839619495012686,0.892906522385265
-0.02701391256497048,0.014019992686594328,0.16200005192092962,0.2856364619840733,0.5253904718509919,0.7257923199499993,0.14657855119609162,0.25755961010337325,0.5542780352515319,0.7548081991871701,0.591350710915749,0.800925371498443,0.30608557199594644,0.701003002000337,0.846246111038528,0.8419217739781959,0.6402658162447286,0.18111823538201763,0.9675493876079142,0.8409590716951622,0.5041175772141505,0.012013854927791948,0.012181083410240217,0.011552761168649145,0.010938372211800086,0.5047239690760693,0.5045015032944261,0.3953193929957515,0.7967753326685301,0.7954761691952329,0.7649887033843078,0.46317253951071413,0.13875113187502391,0.14170920185333805,0.5968941905361426,0.1910174564894209,0.17906151993542233,0.6898489923715876,0.764305857772143,0.10479418231075298,0.0809967208840975,0.08501079085015259,0.10515993360910073,0.03803919793619466,0.03335663386203945,-0.22379711628372373,0.0016683148977053193,0.008312243011821105,0.9174233707774322,0.8876816673357002,0.9534581098433064,0.9338952332553063,0.5519522556591467,0.19599122423331747,0.19599122423331747,0.8305131472642415,-0.041602474695806226,0.452168662356066,0.9609964140751494,0.03930465511327479,0.766821566891623,0.006479757924896124,0.05666753118050881,-0.004721174468774885,0.005896524044377167,-0.0009600180709283966,-0.0007904691999322349,0.5320296188882522,0.6908076307487135,0.19543396313837377,-0.0282505053341034,0.544225593376766,-0.00999395780712462,0.19640404533907713,-0.03227415211347318,0.5638362278730031,0.11789849006665357,0.3234802197422531,0.009880756760901792,0.0037058406249056057,0.26228899943675343,-0.00753388049668469,0.37121394881407377,0.03631109338490903,0.015023421605996555,0.3147117635185649,-0.019141407046801822,0.588430455093285,0.5519522556594265,0.1954339636953295,0.8910059241432962,0.8814097997159106,0.5442255939430812,0.9680722243746674,0.742851053784523,0.4885598951580572,0.9646780764391006,0.7247954628341177,0.8951201261488156,0.7074984923980013,0.9891239681809612,0.841576059983489,0.4215185179357337,0.4063464574590633,0.5047239690760693,0.7540448198629656,0.741496553812168,0.7967753326685301,0.876144337913534,0.8666060178928711,0.8985922374230987,-0.01764833611718241,-0.22379711628372373,-0.02437063241469971,-0.26745840938942883,0.0016683148977053226,-0.12662124827065363,0.1626893196221232,0.008312243011821114,0.08310389190810576,0.6049994136286305,0.5034517513667581,0.3969709732897756,0.3981701670073702,0.8030604749329653,0.747010645793086,0.747511140822684,0.904757220998694,0.8722479269050932,0.8811941561719583
