ma_cross_5_10,ma_distance_5_10,ma_cross_5_20,ma_distance_5_20,ma_cross_5_50,ma_distance_5_50,ma_cross_10_20,ma_distance_10_20,ma_cross_10_50,ma_distance_10_50,ma_cross_20_50,ma_distance_20_50,price_position_20,price_deviation_20,price_position_50,price_deviation_50,price_position_100,price_deviation_100,adx_20,di_plus_20,trend_consistency_20,adx_50,di_plus_50,trend_consistency_50,momentum_5,returns_momentum_5,momentum_10,returns_momentum_10,momentum_20,returns_momentum_20,momentum_50,returns_momentum_50,rs_50,rsi_14,rsi_overbought_14,rsi_oversold_14,rsi_21,rsi_overbought_21,rsi_oversold_21,macd,macd_signal,macd_diff,macd_cross,stoch_k,stoch_d,stoch_overbought,stoch_oversold,volatility_10,atr_21,atr_ratio_21,bb_width,bb_percent,bb_position,volume_ma_20,vol_price_corr_20,vol_price_corr_50,vwap_distance,hammer,doji,gap_up,gap_down,support_distance,skewness_20,kurtosis_20,q25_20,q75_20,skewness_50,kurtosis_50,q25_50,q75_50,price_zscore_20,returns_zscore_20,price_zscore_50,returns_zscore_50,price_rank_20,price_rank_50
ma_cross_5_10,ma_distance_5_10,ma_cross_5_20,ma_distance_5_20,ma_cross_5_50,ma_distance_5_50,ma_cross_10_20,ma_distance_10_20,ma_cross_10_50,ma_distance_10_50,ma_cross_20_50,ma_distance_20_50,price_position_20,price_deviation_20,price_position_50,price_deviation_50,price_position_100,price_deviation_100,adx_20,di_plus_20,trend_consistency_20,adx_50,di_plus_50,trend_consistency_50,momentum_5,returns_momentum_5,momentum_10,returns_momentum_10,momentum_20,returns_momentum_20,momentum_50,returns_momentum_50,rs_50,rsi_14,rsi_overbought_14,rsi_oversold_14,rsi_21,rsi_overbought_21,rsi_oversold_21,macd,macd_signal,macd_diff,macd_cross,stoch_k,stoch_d,stoch_overbought,stoch_oversold,volatility_10,atr_21,atr_ratio_21,bb_width,bb_percent,bb_position,volume_ma_20,vol_price_corr_20,vol_price_corr_50,vwap_distance,hammer,doji,gap_up,gap_down,support_distance,skewness_20,kurtosis_20,q25_20,q75_20,skewness_50,kurtosis_50,q25_50,q75_50,price_zscore_20,returns_zscore_20,price_zscore_50,returns_zscore_50,price_rank_20,price_rank_50
39559,39559,39559,39559,39559,39559,39559,39559,39559,39559,39559,39559,39559,39559,39559,39559,39559,39559,39559,39559,39559,39559,39559,39559,39559,39559,39559,39559,39559,39559,39559,39559,39559,39559,39559,39559,39559,39559,39559,39559,39559,39559,39559,39559,39559,39559,39559,39559,39559,39559,39559,39559,39559,39559,39559,39559,39559,39559,39559,39559,39559,39559,39559,39559,39559,39559,39559,39559,39559,39559,39559,39559,39559,39559,39559,39559
0.0,0.0,0.0,0.0,0.0,0.0,0.0,0.0,0.0,0.0,0.0,0.0,0.0,0.0,0.0,0.0,0.0,0.0,0.0,0.0,0.0,0.0,0.0,0.0,0.0,0.0,0.0,0.0,0.0,0.0,0.0,0.0,0.0,0.0,0.0,0.0,0.0,0.0,0.0,0.0,0.0,0.0,0.0,0.0,0.0,0.0,0.0,0.0,0.0,0.0,0.0,0.0,0.0,0.0,0.0,0.0,0.0,0.0,0.0,0.0,0.0,0.0,0.0,0.0,0.0,0.0,0.0,0.0,0.0,0.0,0.0,0.0,0.0,0.0,0.0,0.0
0.07401352776159333,0.09755094543907099,0.05434179146162165,0.06049130569862923,0.02983249892647596,0.03599109746933552,0.02057377251318678,0.01964551833163568,0.012587584817851083,0.011703703773589773,0.00635839179663923,0.004963954238498518,0.3422480902488401,0.37849798034914967,0.2376924618585858,0.24197945402532006,0.17871315849402208,0.17120269353282744,0.012698654125758924,0.1487295461881639,0.2606296240775755,0.008700570771596833,0.08598754974036374,0.15980110879770834,0.4464022625175802,0.44649210275899837,0.30735579131470286,0.30745919802584454,0.21865832467078622,0.21875736761919312,0.1371966039682496,0.13729269732820248,0.1138504745652074,0.3141563321428431,0.14302109989476824,-0.16056705446517594,0.2659213433847917,0.103580368728297,-0.11274992783111401,0.05734602609901874,0.0022725425532792764,0.17946044113677875,0.13565812390302887,0.38998474124836285,0.13981479105734804,0.31431542842231913,-0.33076629843906513,0.004658529747638608,-0.00019370957692470343,-0.0007803838224156024,0.0031850727309981376,0.39594519692286784,0.39594519692286784,0.0013735520594885732,0.07492238895563513,0.04917063018198862,0.4589293557383323,-0.0014833778026704203,-0.00019550922431518948,0.03903724304140201,-0.037806048647191684,0.2722101253421218,0.07514569277931112,0.0048002407935014415,0.10815787608278822,0.10706336142713753,0.05953264433903975,-0.0020230106204368646,0.04828668421912863,0.04779463653490672,0.39604591680475776,0.8514817991837724,0.2683088852851814,0.8860865587671714,0.359069052824492,0.2410583960735862
0.08589359058760489,0.10159891556577388,0.06874500540151564,0.07603399725116634,0.04645465534148237,0.05119237658265538,0.033829746328658664,0.038843816599876534,0.025636549657648736,0.028465977456094065,0.01682116404448894,0.016832816192948588,0.39429957065026966,0.350713639659722,0.2728468800486631,0.22733294800018122,0.2026343810651711,0.16326539849724372,0.010832308765615669,0.15294489200468936,0.2899789652852612,0.008204668120025186,0.08252449468376848,0.18302662221710742,0.40479056860061186,0.40481135391621836,0.2903213595563692,0.29034176407670015,0.20769473751328218,0.2077086904555628,0.13188550590572207,0.13193035030717254,0.13404834630576562,0.33948676936080097,0.15495085377284806,-0.1529616086355527,0.283424440873277,0.10157638598810605,-0.09463897881572704,0.0707776175223689,0.020472167634637408,0.17053226300357402,0.14387408093865173,0.44938123847258143,0.1718395181149709,0.35345088337755826,-0.3654937977927754,0.006475112379952735,0.009108359521920397,0.009019952862386497,0.00850278096336216,0.4079077679433291,0.4079077679433291,0.004748106014490421,0.049014459509099016,0.022288190724785304,0.42603833432212945,-0.007771046032923209,-0.0039333271232769645,0.04307473249867595,-0.04669207365554357,0.33735410871131083,0.002984478020872117,0.0013997000170184789,0.11920001907871483,0.1336766076303891,-0.0004402518198364904,-0.0019453441053126684,0.053912352855085395,0.0672368026773694,0.40785384512173667,0.9343381218220499,0.26766661230999683,0.9605254620779916,0.442114193912812,0.3060915596451923
0.07020521198234168,0.07142345452797468,0.05618879876744955,0.053942965396345084,0.03796975890173151,0.036844684234139814,0.027650776921358103,0.02797510188915649,0.02095405944609314,0.02090050299230965,0.013748795218062616,0.012559308642052977,0.26628958943056014,0.24867107434459432,0.18301680400875717,0.1599655396627591,0.13550075971916462,0.11439053836719065,0.007215058349304677,0.10302642469767449,0.2370145966538473,0.005431300777921614,0.05597339606448329,0.14959699231642395,0.28987710337278916,0.28988947908691726,0.20479548893159238,0.20480671141254642,0.14598540966695764,0.1459934279997214,0.09228775726959017,0.09231699325338723,0.08931189031716867,0.22713366740014593,0.1266492349609315,-0.12502332346284104,0.1896797727750464,0.0830235604532317,-0.07735326377785938,0.05051683474481552,0.01532457933492859,0.11945955813037934,0.11759562363108667,0.3047212223596766,0.11284132766774153,0.288893432246949,-0.29873672036218035,0.004556361361322938,0.006532968108828252,0.006470768667226362,0.0058829933823707665,0.28066539348528446,0.28066539348528446,0.003815034693256757,0.03284252325738842,0.014911076901009627,0.30297375527917775,-0.006351672229949122,-0.003214908849385122,0.03520717559324625,-0.038163812997655644,0.23649075039292103,0.003023087462094274,0.0009846825849480923,0.08582602842731882,0.09466507635958958,0.00017990151619525228,-0.001220521021855697,0.03827566003953191,0.04636807791356123,0.2806237762094211,0.769303299104986,0.18164264945102532,0.8209432650817658,0.310581476820593,0.2098105651297399
0.0009073133305090797,0.008641779599715101,0.0006327155619932008,0.011467624069943184,0.0007449155136275002,0.015659496448071887,0.00044279139666435565,0.01312142761529193,0.0008023599908434961,0.01629919760917394,0.0009209652667938773,0.01430152530921677,0.028546124412327255,0.02946583623056528,0.018239426921596243,0.022787233712781806,0.012950233551283264,0.019831320252484932,0.002183223216828671,0.008388482471770466,0.011127623919998822,0.003097266732259248,0.012217459045636215,0.0039553151797808925,0.0420829246292404,0.04225180331598265,0.020663097747849853,0.01993692548121254,0.02105490853091445,0.02084212608265011,0.017381423848397158,0.01732057400322793,0.0011998708565339519,0.017393061654366125,0.003629708417943497,0.005585814241273971,0.012466327335312775,0.002490878741903476,0.00315746578450571,0.016706043064887877,0.01618515875472465,0.012321581619695009,0.0036309566415435165,0.033619888709739754,0.00820862097818516,0.016472556038885658,0.021340174048729118,0.06498373989319059,0.051052719518232655,0.051131004271611845,0.028272636351750816,0.03722794574086231,0.03722794574086231,0.02280426503180591,0.004511622626859978,0.00432842559553603,0.04572609770990246,0.0039448880430193334,0.008320471978083365,0.00028128302269774246,0.0001439592745464288,0.02852476854371766,0.006029149565154588,0.002846436776499598,0.026752479304336458,0.02922262107245293,0.004605092026072547,0.003081139056384056,0.028215274493299705,0.025275724703895084,0.03723499626914036,0.15386857871066814,0.01940402321011403,0.15963772222373146,0.026225316892340176,0.0123090181278537
0.0,0.00011741425076363713,0.0,7.906786075239072e-05,0.0,4.835353789029845e-05,0.0,2.848053503029228e-05,0.0,1.646455024988055e-05,0.0,5.481988655383163e-06,0.000514311445059996,0.00043129308461856803,0.0003678217844980776,0.0002798846013737369,0.0002716735902399495,0.0001964395812898603,1.7515310096818006e-05,0.00018779428898510773,0.0,7.21016109398251e-06,0.00010631072022191439,0.0,0.0005097190874841313,0.0005097492622133984,0.00035642890422107155,0.0003564626317291989,0.0002542241622057734,0.00025576654308487215,0.00016004901426965197,0.00016008219053265145,0.00015471423355925662,0.00038283758851134536,0.0,0.0,0.0003256368497486158,0.0,0.0,7.116246473829938e-05,4.881307306279361e-06,0.00021562331388828062,0.0,0.0005731770807361686,0.00021079772573341947,0.0,0.0,2.8055236745007474e-06,7.072990721288485e-07,1.2160873264822396e-06,4.520219600448954e-06,0.0005068793283837367,0.0005068793283837367,4.9247690110479685e-06,8.355184041497623e-05,5.252828917692586e-05,0.0005350022225284964,0.0,0.0,0.0,0.0,0.00041108987538614135,7.907895443121365e-05,7.445993658790692e-07,0.00012780423505159058,0.00012431027720713396,6.680825185060934e-05,3.6025154114744654e-06,5.1242441233769474e-05,6.097349907822947e-05,0.0005069503615054809,0.0010437411195358438,0.0003355923515794163,0.001070403434576471,0.0005068053824294786,0.00037368252190460836
-1.5093937001646893e-08,6.159125423037918e-05,-1.5093937001646893e-08,4.129680077565443e-05,-1.5093937001646893e-08,2.7600564362536776e-05,-1.5093937001646893e-08,1.4276385288403456e-05,-1.5093937001646893e-08,1.301796669154948e-05,-1.5093937001646893e-08,5.394282704823125e-06,0.0002487798629803297,0.00021138318979275957,0.00017497444406233654,0.00013402882090823853,0.00012411896138315095,9.228027731285544e-05,1.0647728190454897e-05,8.867982076218075e-05,-1.5093937001646893e-08,5.581859782941037e-06,4.960185166990634e-05,-1.5093937001646893e-08,0.00025135037208479246,0.0002515584633246641,0.00017465965175248105,0.00017482170613370533,0.00012415170612565995,0.00012471738925501287,7.755008576189448e-05,7.756608289052155e-05,7.130077095230547e-05,0.00017772846381864497,-1.5093937001646893e-08,-1.5093937001646893e-08,0.00015190979399820216,-1.5093937001646893e-08,-1.5093937001646893e-08,3.8004142059114266e-05,5.437903811015176e-06,0.00010937446430882613,-1.5093937001646893e-08,0.000278781590574266,0.0001052185557037744,-1.5093937001646893e-08,-1.5093937001646893e-08,5.039510903256316e-06,2.7527696042846437e-06,2.799729887371423e-06,3.0190207934349173e-06,0.0002443558386542925,0.0002443558386542925,3.6624467539810695e-06,4.369936020489108e-05,2.6805512928935604e-05,0.00026195170996021135,-1.5093937001646893e-08,-1.5093937001646893e-08,-1.5093937001646893e-08,-1.5093937001646893e-08,0.00017334297303592668,4.373404486113389e-05,1.6790267146238072e-06,5.7784619942198475e-05,6.923143302603105e-05,3.3796612780716976e-05,5.28259262433068e-06,2.2241415516189435e-05,3.72421349921843e-05,0.0002443558386542925,0.0005183730172038109,0.00015572067911686252,0.0005307392711510271,0.00027183557109812875,0.00017983232443786142
-1.5093937001646893e-08,-5.582299653325796e-05,-1.5093937001646893e-08,-3.777105997673628e-05,-1.5093937001646893e-08,-2.075297352776168e-05,-1.5093937001646893e-08,-1.4204149741888822e-05,-1.5093937001646893e-08,-3.4465835583310675e-06,-1.5093937001646893e-08,-8.770595056003838e-08,-0.00026553158207966626,-0.00021990989482580843,-0.00019284734043574107,-0.00014585578046549835,-0.00014755462885679855,-0.00010415930397700487,-6.867581906363109e-06,-9.911446822292697e-05,-1.5093937001646893e-08,-1.628301311041473e-06,-5.670886855200806e-05,-1.5093937001646893e-08,-0.00025836871539933887,-0.0002581907988887344,-0.0001817692524685905,-0.00018164092559549356,-0.00013007245608011344,-0.00013104915382985928,-8.249892850775749e-05,-8.25161076421299e-05,-8.341346260695115e-05,-0.00020510912469270042,-1.5093937001646893e-08,-1.5093937001646893e-08,-0.0001737270557504136,-1.5093937001646893e-08,-1.5093937001646893e-08,-3.315832267918511e-05,5.565965047358153e-07,-0.0001062488495794545,-1.5093937001646893e-08,-0.0002943954901619027,-0.00010557917002964508,-1.5093937001646893e-08,-1.5093937001646893e-08,2.233987228755568e-06,2.045470532155795e-06,1.5836425608891832e-06,-1.5011988070140367e-06,-0.00026252348972944414,-0.00026252348972944414,-1.2623222570668992e-06,-3.985248021008516e-05,-2.5722776247990262e-05,-0.0002730505125682851,-1.5093937001646893e-08,-1.5093937001646893e-08,-1.5093937001646893e-08,-1.5093937001646893e-08,-0.00023774690235021467,-3.5344909570079756e-05,9.34427348744738e-07,-7.001961510939209e-05,-5.507884418110293e-05,-3.301163906989236e-05,1.680077212856215e-06,-2.9001025717580042e-05,-2.373136408604517e-05,-0.00026259452285118834,-0.0005253681023320328,-0.0001798716724625538,-0.000539664163425444,-0.00023496981133134992,-0.00019385019746674697
0.0004395085970060876,0.0004395085970060876,0.0004395085970060876,0.0004395085970060876,0.0004395085970060876,0.0004395085970060876,0.0004395085970060876,0.0004395085970060876,0.0004395085970060876,0.0004395085970060876,0.0004395085970060876,0.0004395085970060876,0.0004395085970060876,0.0004395085970060876,0.0004395085970060876,0.0004395085970060876,0.0004395085970060876,0.0004395085970060876,0.0004395085970060876,0.0004395085970060876,0.0004395085970060876,0.0004395085970060876,0.0004395085970060876,0.0004395085970060876,0.0004395085970060876,0.0004395085970060876,0.0004395085970060876,0.0004395085970060876,0.0004395085970060876,0.0004395085970060876,0.0004395085970060876,0.0004395085970060876,0.0004395085970060876,0.0004395085970060876,0.0004395085970060876,0.0004395085970060876,0.0004395085970060876,0.0004395085970060876,0.0004395085970060876,0.0004395085970060876,0.0004395085970060876,0.0004395085970060876,0.0004395085970060876,0.0004395085970060876,0.0004395085970060876,0.0004395085970060876,0.0004395085970060876,0.0004395085970060876,0.0004395085970060876,0.0004395085970060876,0.0004395085970060876,0.0004395085970060876,0.0004395085970060876,0.0004395085970060876,0.0004395085970060876,0.0004395085970060876,0.0004395085970060876,0.0004395085970060876,0.0004395085970060876,0.0004395085970060876,0.0004395085970060876,0.0004395085970060876,0.0004395085970060876,0.0004395085970060876,0.0004395085970060876,0.0004395085970060876,0.0004395085970060876,0.0004395085970060876,0.0004395085970060876,0.0004395085970060876,0.0004395085970060876,0.0004395085970060876,0.0004395085970060876,0.0004395085970060876,0.0004395085970060876,0.0004395085970060876
0.0,0.2671489285157506,0.0,0.1799006010143996,0.0,0.11001727433702216,0.0,0.06480085992469857,0.0,0.037461270068518134,0.0,0.012472995278650334,1.1701965526123081,0.9813075046916414,0.8368932644404745,0.636812574953705,0.6181303212054953,0.44695276185266386,0.039852030690938685,0.42728240190147315,0.0,0.016405051330276123,0.24188541690901644,0.0,1.1597477067714133,1.1598163623778626,0.8109714045391806,0.8110481436709225,0.5784281898864703,0.5819375202832029,0.3641544564995964,0.36422994140074616,0.3520163987989379,0.8710582480507035,0.0,0.0,0.7409112175890052,0.0,0.0,0.16191370367509264,0.01110628401703767,0.49060090145470814,0.0,1.304131670325961,0.4796213934593405,0.0,0.0,0.006383319219719128,0.0016092951922827845,0.0027669250038933725,0.01028471258865124,1.153286492770734,1.153286492770734,0.011205171058302998,0.19010285801945068,0.11951595380555957,1.2172736237081754,0.0,0.0,0.0,0.0,0.9353397821714222,0.1799258421107024,0.0016941633700711337,0.2907889309155433,0.2828392392183677,0.1520067009057481,0.008196689293485122,0.11659030467852195,0.138731072596937,1.1534481121843885,2.3747911341115064,0.7635626558057249,2.4354550556417105,1.1531182458814542,0.8502280147649365
{0: -1.5093937001646893e-08},"{0: -5.582299653325796e-05, 1: -2.4061306524728575e-05, 2: 5.906669324317457e-07, 3: 1.7627065334755207e-05, 4: 6.159125423037918e-05}",{0: -1.5093937001646893e-08},"{0: -3.777105997673628e-05, 1: -1.7837627153177554e-05, 2: -1.928820383626527e-06, 3: 1.616475329998422e-05, 4: 4.129680077565443e-05}",{0: -1.5093937001646893e-08},"{0: -2.075297352776168e-05, 1: -1.0011558585230734e-05, 2: -4.217297033840532e-06, 3: 7.304732863924735e-06, 4: 2.7600564362536776e-05}",{0: -1.5093937001646893e-08},"{0: -1.4204149741888822e-05, 1: -7.02953244721476e-06, 2: -2.9865271906685926e-06, 3: 9.86760328572002e-06, 4: 1.4276385288403456e-05}",{0: -1.5093937001646893e-08},"{0: -3.4465835583310675e-06, 1: -8.326575278650083e-06, 2: -2.2576988493988894e-06, 3: 9.368544228373909e-07, 4: 1.301796669154948e-05}",{0: -1.5093937001646893e-08},"{0: -8.770595056003838e-08, 1: -3.0032556329991703e-06, 2: -4.161453446349787e-06, 3: 1.7816145208892276e-06, 4: 5.394282704823125e-06}","{0: -0.00026553158207966626, 1: -1.0576652703628177e-05, 2: 1.1231309083488939e-05, 3: 1.598945576385053e-05, 4: 0.0002487798629803297}","{0: -0.00021990989482580843, 1: -5.992133363372943e-05, 2: 3.7256827392730164e-06, 3: 6.464783183821903e-05, 4: 0.00021138318979275957}","{0: -0.00019284734043574107, 1: 1.1617604842825582e-05, 2: 1.7133658347066075e-05, 3: -1.0976041189844034e-05, 4: 0.00017497444406233654}","{0: -0.00014585578046549835, 1: -2.9322426554925487e-05, 2: 6.9159434092456865e-06, 3: 3.41597250496165e-05, 4: 0.00013402882090823853}","{0: -0.00014755462885679855, 1: 1.7082345354139143e-05, 2: 1.6207170763900713e-05, 3: -9.945915557689022e-06, 4: 0.00012411896138315095}","{0: -0.00010415930397700487, 1: -2.2794507147783555e-05, 2: 9.05863061957799e-06, 3: 2.554172716876147e-05, 4: 9.228027731285544e-05}","{0: -6.867581906363109e-06, 1: -5.278488218429079e-06, 2: 2.3300320802841385e-06, 3: -9.077295177538786e-07, 4: 1.0647728190454897e-05}","{0: -9.911446822292697e-05, 1: -2.9212979263245323e-05, 2: 6.513131461098749e-06, 3: 3.3047325483232404e-05, 4: 8.867982076218075e-05}",{0: -1.5093937001646893e-08},"{0: -1.628301311041473e-06, 1: -7.5035374174152265e-06, 2: -1.2326505049452599e-06, 3: 4.706801984368008e-06, 4: 5.581859782941037e-06}","{0: -5.670886855200806e-05, 1: -1.4652775377509205e-05, 2: 3.0835307897618926e-06, 3: 1.8594017878130957e-05, 4: 4.960185166990634e-05}",{0: -1.5093937001646893e-08},"{0: -0.00025836871539933887, 1: -6.684688946173826e-05, 2: 2.8947099548721126e-06, 3: 7.089578867833857e-05, 4: 0.00025135037208479246}","{0: -0.0002581907988887344, 1: -6.697572484117675e-05, 2: 2.798447334753023e-06, 3: 7.07348545940985e-05, 4: 0.0002515584633246641}","{0: -0.0001817692524685905, 1: -5.962979455542601e-05, 2: 1.3698838537763372e-05, 3: 5.296855366465737e-05, 4: 0.00017465965175248105}","{0: -0.00018164092559549356, 1: -5.9419457031773485e-05, 2: 1.3289006985624194e-05, 3: 5.2877562841362725e-05, 4: 0.00017482170613370533}","{0: -0.00013007245608011344, 1: -3.323403587871459e-05, 2: 3.8152545509244215e-06, 3: 3.526502983497252e-05, 4: 0.00012415170612565995}","{0: -0.00013104915382985928, 1: -3.213038942054791e-05, 2: 3.647239589817356e-06, 3: 3.474037048738542e-05, 4: 0.00012471738925501287}","{0: -8.249892850775749e-05, 1: -2.054992618042778e-05, 2: 6.5913616895427605e-06, 3: 1.8833607535467437e-05, 4: 7.755008576189448e-05}","{0: -8.25161076421299e-05, 1: -2.0531161220119496e-05, 2: 6.42696070934534e-06, 3: 1.8980384003725717e-05, 4: 7.756608289052155e-05}","{0: -8.341346260695115e-05, 1: -2.43220235719628e-05, 2: 1.440733110187333e-05, 3: 2.1943196549985885e-05, 4: 7.130077095230547e-05}","{0: -0.00020510912469270042, 1: -6.947049734158546e-05, 2: 1.5253377859097645e-05, 3: 8.149831856347645e-05, 4: 0.00017772846381864497}",{0: -1.5093937001646893e-08},{0: -1.5093937001646893e-08},"{0: -0.0001737270557504136, 1: -5.25594698482119e-05, 2: 1.525234508609328e-05, 3: 5.9028890979626413e-05, 4: 0.00015190979399820216}",{0: -1.5093937001646893e-08},{0: -1.5093937001646893e-08},"{0: -3.315832267918511e-05, 1: -1.2965983555752002e-05, 2: -4.094732461352757e-06, 3: 1.2138395698748678e-05, 4: 3.8004142059114266e-05}","{0: 5.565965047358153e-07, 1: -7.486534343668847e-06, 2: -1.2409475676738474e-06, 3: 2.657202038583804e-06, 4: 5.437903811015176e-06}","{0: -0.0001062488495794545, 1: -3.7335037570170066e-05, 2: 3.0876562750829804e-06, 3: 3.104708119572545e-05, 4: 0.00010937446430882613}",{0: -1.5093937001646893e-08},"{0: -0.0002943954901619027, 1: -2.73072717237341e-05, 2: 5.9444281009394985e-06, 3: 3.686481992656224e-05, 4: 0.000278781590574266}","{0: -0.00010557917002964508, 1: -7.414179740861062e-06, 2: 6.4147060554494766e-06, 3: 1.2720887160490328e-06, 4: 0.0001052185557037744}",{0: -1.5093937001646893e-08},{0: -1.5093937001646893e-08},"{0: 2.233987228755568e-06, 1: 1.7984132751545306e-06, 2: -4.058022451374601e-06, 3: -5.089585365692441e-06, 4: 5.039510903256316e-06}","{0: 2.045470532155795e-06, 1: -4.177429141041258e-06, 2: 8.557990417318258e-07, 3: -1.5517092143728246e-06, 4: 2.7527696042846437e-06}","{0: 1.5836425608891832e-06, 1: -5.216291227857048e-06, 2: 1.9535240479708638e-06, 3: -1.195624074403528e-06, 4: 2.799729887371423e-06}","{0: -1.5011988070140367e-06, 1: 1.0013260743367369e-06, 2: 3.3477505605528404e-07, 3: -2.9295364110067976e-06, 4: 3.0190207934349173e-06}","{0: -0.00026252348972944414, 1: -2.6523642842695095e-05, 2: 7.003620432795398e-06, 3: 3.7579912384291945e-05, 4: 0.0002443558386542925}","{0: -0.00026252348972944414, 1: -2.6523642842695095e-05, 2: 7.003620432795398e-06, 3: 3.7579912384291945e-05, 4: 0.0002443558386542925}","{0: -1.2623222570668992e-06, 1: -4.6997289302195084e-07, 2: 5.033196884161997e-06, 3: -7.038337755658369e-06, 4: 3.6624467539810695e-06}","{0: -3.985248021008516e-05, 1: -1.3177801547688675e-05, 2: -1.5192253437758925e-06, 3: 1.0774296996431316e-05, 4: 4.369936020489108e-05}","{0: -2.5722776247990262e-05, 1: -5.241521827122902e-06, 2: 2.632973501719281e-06, 3: 1.4510113394901677e-06, 4: 2.6805512928935604e-05}","{0: -0.0002730505125682851, 1: -6.917361799583808e-05, 2: 7.203268980036249e-07, 3: 7.947680992100999e-05, 4: 0.00026195170996021135}",{0: -1.5093937001646893e-08},{0: -1.5093937001646893e-08},{0: -1.5093937001646893e-08},{0: -1.5093937001646893e-08},"{0: -0.00023774690235021467, 1: -4.377784731083342e-05, 2: 2.5893380055848976e-05, 3: 8.218615447091483e-05, 4: 0.00017334297303592668}","{0: -3.5344909570079756e-05, 1: -1.018047286912777e-05, 2: -7.4291297776266245e-06, 3: 9.14312354636426e-06, 4: 4.373404486113389e-05}","{0: 9.34427348744738e-07, 1: -1.73920154069994e-06, 2: -4.159021296551137e-06, 3: 3.2085574262146348e-06, 4: 1.6790267146238072e-06}","{0: -7.001961510939209e-05, 1: -1.9492254005347543e-05, 2: 1.1662706309465878e-05, 3: 2.0031567789388618e-05, 4: 5.7784619942198475e-05}","{0: -5.507884418110293e-05, 1: -2.852165461159688e-05, 2: -1.0271076305876523e-05, 3: 2.459665272417353e-05, 4: 6.923143302603105e-05}","{0: -3.301163906989236e-05, 1: -3.2153067284661855e-06, 2: -2.289883073465176e-06, 3: 4.64417138356655e-06, 4: 3.3796612780716976e-05}","{0: 1.680077212856215e-06, 1: 1.3643223817292543e-06, 2: -2.762231847055002e-06, 3: -5.640363015256666e-06, 4: 5.28259262433068e-06}","{0: -2.9001025717580042e-05, 1: -1.242261700848748e-05, 2: 4.1379737714035424e-06, 3: 1.5020310212214076e-05, 4: 2.2241415516189435e-05}","{0: -2.373136408604517e-05, 1: -1.3932191517469858e-05, 2: -3.203415897464579e-06, 3: 3.558406213830259e-06, 4: 3.72421349921843e-05}","{0: -0.00026259452285118834, 1: -2.61101263797354e-05, 2: 6.695124720338463e-06, 3: 3.7579912384291945e-05, 4: 0.0002443558386542925}","{0: -0.0005253681023320328, 1: -0.00016918087128889314, 2: 2.737492200309174e-06, 3: 0.00017336369033213572, 4: 0.0005183730172038109}","{0: -0.0001798716724625538, 1: -6.8402791057237815e-06, 2: 1.1068938830704416e-05, 3: 1.9849665764005695e-05, 4: 0.00015572067911686252}","{0: -0.000539664163425444, 1: -0.00016854336862146923, 2: 1.0098934545343448e-06, 3: 0.00017638315685325747, 4: 0.0005307392711510271}","{0: -0.00023496981133134992, 1: -1.245931675153864e-05, 2: 4.707163791964202e-06, 3: 2.9344652919905176e-05, 4: 0.00027183557109812875}","{0: -0.00019385019746674697, 1: -2.6872416386932443e-06, 2: 1.0845537299608128e-05, 3: 1.2088948537294474e-05, 4: 0.00017983232443786142}"
0.014612031221839693,-0.1404897872598455,0.013095142583695601,-0.16768819928360368,0.02927697795947266,-0.16310126062234204,0.025129961627642108,-0.11924405110875058,0.03817923495848939,-0.1291199676257291,0.04151813781442099,-0.06934044564910066,-0.020178311635192004,-0.25128021101466086,-0.00816814047782856,-0.20336310852854264,-0.020230909468969556,-0.13748571882393973,1.0324270418960244,0.8111765376238276,0.01076928965339621,1.157472974253647,0.7074463731047337,0.02695055988176661,-0.18451424047238074,-0.1956859239524927,-0.1244368629659142,-0.13737208313553528,-0.10933105768397244,-0.12131300719504483,-0.06428847743817892,-0.08089935053799079,4.851716107365324,0.06460225614250174,3.7844665233868655,4.190478590544001,0.07788965209263196,5.860882992130317,7.039769531687395,-0.15124408071000217,-0.1105447932075543,0.10606831273700937,0.02533224715555565,-0.026280004570011974,-0.018347324705031063,0.9739344457273922,1.0852880002235235,2.5284257005766966,1.473370700781241,1.471565091007568,2.8966588799999844,0.008343442767073177,0.008343442767073177,4.323156468204211,0.07341232521765893,0.0904037058284425,0.2639885415777058,4.1479917664500485,2.881860862944739,21.254119865243055,21.63280133155841,2.589794948296734,0.03507843823995274,2.729722522500628,-1.7102161291687579,1.482195549444422,0.545234377332471,4.953574121699599,-1.3964877498829984,1.1226045278765007,0.007788363829565864,-0.014534969127960595,0.020271162047883495,-0.030171336111781598,0.019905216334682074,0.02784876805339325
-1.9998876002077415,10.699356608307482,-1.9999296310298509,6.869514017597757,-1.9992439376838296,4.607643390441375,-1.9994695755585254,6.691976111385092,-1.9986433947783682,4.389794646005235,-1.998377279538713,4.128959433280256,-1.3763621483744177,7.599070052319924,-1.3338379552609827,4.910667990479439,-1.2965854584812628,4.049990691607361,1.3781157021028219,1.3973457629594992,-1.9999851389958374,1.945944075165023,1.9038417051642127,-1.9993747530580124,11.671580891522034,11.791290483796189,8.517299579103671,8.562041707614455,4.879382402710371,4.890512084217743,3.8780924423759155,3.87738326338699,84.44426672791839,0.021747112685507997,12.322809873250314,15.560897533700093,0.40561558483162585,32.35158505676214,47.56075960484444,4.8409356657299565,4.501205031262552,6.97396996469684,-1.9994593672678775,-1.4045935261655045,-1.3984374251005052,-1.0515048593286744,-0.8221915269890214,17.78666340824338,4.037069309460248,3.887717512435875,19.342581916274085,-0.8456159633627842,-0.8456159633627842,35.00314474757888,-0.47522346293830786,-0.1819485524218969,4.3350960846388435,15.206604498296787,6.305440817480733,449.76034995538765,466.0016532779367,12.915605953371317,2.11766709798399,12.400765798402906,6.029664019722116,4.224126042583466,7.131474381360688,44.65001073418196,3.6507110707663863,2.291722808681063,-0.8434097742275632,0.7520367069486604,-0.6855220799505282,1.9070982629967905,-1.5025824483610073,-1.5012750795682872
0.2176003439641873,9.77905749815514e-05,0.12529401350565264,0.00011906167860687255,0.07076557323149296,0.00012940334686224996,0.11214244163989985,6.950082082897754e-05,0.05468018918030299,8.704277847566345e-05,0.04345077012569868,5.324364047249459e-05,0.1088007516517871,0.0002856961353966054,0.06910753312645278,0.00028965094594446416,0.04896189324249977,0.00029036582200386493,0.5304072086311244,1.7806330617108876,0.23465186271782296,0.13135254439713437,0.7164067179885757,0.13621993474797037,0.00042684167601484123,8.536951268724151e-05,0.000426478574981863,4.2648628348977676e-05,0.0004264673318998264,2.1324765725395594e-05,0.0004315630629462145,8.632591110983693e-06,0.06924241954148438,3.447604508748958,0.02892460608513114,0.028163332405978913,2.3258659588018324,0.012143706214117707,0.011482333898176484,4.5522313589536365,3.029244298843011,3.0662746858528083,0.15716128379574598,13.005545194542663,7.525809068850928,0.13325956650395815,0.13585194365057288,0.0004908231549603829,1.1586194504824745,9.873662723938305e-06,0.015552289214148966,0.11891571866065978,0.11891571866065978,0.4824938574021852,0.06020354926504193,0.023136053369038345,0.00028457280328190196,0.09474190040213461,0.15514808164091148,0.004350135309441311,0.004248969372012443,0.00028628236699500113,0.15971868645807127,0.3733043057061599,2.1371580262762376e-05,2.063292323137306e-05,0.06658831364767114,0.18606816964966433,8.794742227285793e-06,8.730132537700302e-06,0.4635719845898708,1.043675084176804,0.3089606080306939,1.0401295661587149,0.12034842181137609,0.0780055008978477
0.48552794560024265,0.4854268308096767,0.4892439141535428,0.48901640587476936,0.48901640587476936,0.4884349958290149,0.48517404383326174,0.48494653555448825,0.4863115852271291,0.4857301751813747,0.4862863065294876,0.48570489648373316,0.46783285725119444,0.4872468970398645,0.4729897115700599,0.4915695543365606,0.4751889582648702,0.4864632574129781,0.4794105007710003,0.47966328774741523,0.487474405318638,0.47900604160873633,0.4792841072827928,0.49215096438231504,0.48368260067241337,0.4843145681134508,0.4872468970398645,0.4875502414115625,0.4893703076417503,0.48944614373467477,0.4854015521120352,0.48560378169316715,0.4792841072827928,0.47978968123562277,0.07247402613817336,0.06721605702874188,0.47968856644505675,0.05879825071412321,0.05488005257969109,0.4893703076417503,0.4864632574129781,0.48231755099977247,0.48269673146439496,0.4647235774412902,0.47900604160873633,0.17207209484567354,0.15356808817209738,0.47981495993326423,0.47968856644505675,0.47968856644505675,0.47968856644505675,0.4793599433757173,0.4793599433757173,0.47968856644505675,0.47556813872949266,0.472079678454966,0.48742384792335497,0.07093202558204201,0.07927399580373619,0.047650345054222804,0.047422836775449326,0.46783285725119444,0.47255997371015446,0.4739250233827953,0.4704112844106272,0.477312368866756,0.4680098081346849,0.4761748274728886,0.471826891478551,0.4783740741676989,0.4872468970398645,0.49402158800778584,0.4915695543365606,0.49470411284410626,0.47968856644505675,0.4792841072827928
0.7824344174825942,0.9387527899402267,0.8747607986088215,0.9785621034936852,0.9292532608702476,0.9925750609052212,0.8878937264544403,0.9838445696814088,0.945326159238009,0.9959019042334223,0.9565513856893705,0.9973483256372166,0.892594614450057,0.9177288110066607,0.9528831966922756,0.9661923916075001,0.9745461563524045,0.9824792963836585,0.9964569879240422,0.9664969033908966,0.7654515152785705,0.9993009116447477,0.9882410079388774,0.8638207711435564,0.7964014047756744,0.7963613081053206,0.8956741279051892,0.8956445635671897,0.9459040897527722,0.9458674860473288,0.977295326091604,0.9772613717375682,0.9721622795586963,0.9275864501417748,0.7348013460214855,0.6964469389633475,0.9490823749450269,0.7663814439760177,0.6926894149981888,0.9929307423716743,0.9966441731878547,0.9652024510793791,0.842889002363856,0.8521684009462092,0.9511401310305532,0.6704353801690351,0.6484342423117293,0.9664777185533031,0.9981659350897644,0.9981619551933143,0.9898938282329507,0.8751637836875749,0.8751637836875749,0.9946601101548496,0.9366265093539798,0.9755360597416937,0.8756329194900853,-0.003972263304163516,0.045411154874505505,0.009315438047488645,-0.0021279829761361706,0.9491592668941465,0.9151607262593069,0.9205910253896501,0.9655248214212426,0.9646619644156822,0.9664648466377027,0.9714404542997301,0.9907459852665219,0.9899635501984589,0.8750779873166152,0.03748510427437082,0.946538634500952,0.03795826102340397,0.8616657666691346,0.9393525277431565
0.5917571654430219,0.7914478614937811,0.7620546722213141,0.9235730898612758,0.8647737230211011,0.9733472428615759,0.7846817415662667,0.9402186504464298,0.8937854138636997,0.9844989545872319,0.9140110464444354,0.9897611784398402,0.7951556723676527,0.83412140442643,0.907083425718715,0.9317181497297928,0.9491147334291978,0.964617089338705,0.9868363321246129,0.922145551245005,0.6575980852325555,0.9975447397171922,0.972348854589292,0.7954984326363069,0.5890873761994563,0.5890187932862445,0.7868228393908517,0.786774510868393,0.8905717104263492,0.8904849621510845,0.9538828316692954,0.9538136226378258,0.9423437888673756,0.8550321000286712,0.5936642829237488,0.5356776603770002,0.8967128349957337,0.6435922762002305,0.5464797512010099,0.9749126409825247,0.986816821674606,0.8860941309574971,0.7110540921912761,0.7250808927033537,0.8438073862144893,0.5187389120835065,0.49869363076146783,0.9282718450628227,0.9953153726119846,0.9953068207629081,0.9649537040167454,0.7584741105710617,0.7584741105710617,0.9851055170605882,0.8757956438087371,0.9512099171904081,0.7542027555853239,0.006746898269146825,0.021147430267714363,-0.0022042057258677026,-0.0021280368859726917,0.8960298980594864,0.8389320023336342,0.8507612448881503,0.9332409825771717,0.9313532184704242,0.9361548195054143,0.9446778117850148,0.9819572549520449,0.9803704184355658,0.7582903613409021,-0.006963369113211968,0.893036540952588,-0.0017922200250362794,0.7515770020958047,0.8854489939819989
0.421194716297726,0.5948505505821261,0.6576352456837729,0.8445023338955031,0.8055504204552892,0.9454114436131746,0.6870271516991777,0.8742023149241817,0.8444675676727031,0.9667112408525794,0.8722778850110077,0.9775986459611072,0.7087729366244481,0.7535869876500361,0.864218531394986,0.8982867802079708,0.9247219727571245,0.9472898865206906,0.9722749478748304,0.8790670410787822,0.5721890402791495,0.9948215729209282,0.9564623893527173,0.7420403414007197,0.38417265050978877,0.38410496213003265,0.6805264748305346,0.6804863087078571,0.8382748386582242,0.8381560478102046,0.9312257446431045,0.9311326208243024,0.9087538693767379,0.7871816475854111,0.48583523059788425,0.43976058245348504,0.8466574671312456,0.5495196890005524,0.45306784955463253,0.9486687800661775,0.9710484853569318,0.7817363385975229,0.5911468804003515,0.6159662611859115,0.7156742288027513,0.41819909302656955,0.39607094032937673,0.8878811048293622,0.9918923589268296,0.9918799820335368,0.9295755510309516,0.6560701215429499,0.6560701215429499,0.9730746672692663,0.8177698301984507,0.9277790966578585,0.6397899225001121,0.0051375119843727465,0.02363335639400485,-0.0022042615723732446,0.00980200552048936,0.8426521563119621,0.7669099230276297,0.7857043589729151,0.9023656025543078,0.8991593503954677,0.9067290079568823,0.9186007760206428,0.9734179916516393,0.9711655099426605,0.6558788401456966,-0.011220397028199767,0.8424240124290847,-0.003239349544404463,0.6564965810392802,0.8374361727684962
0.2725689428070467,0.3854567768261884,0.5614020178709894,0.7507584764512956,0.7503699915493633,0.9118266484529582,0.592907558471851,0.7908066156748532,0.7969681417217447,0.9434375268701842,0.831554299710987,0.9612056894222336,0.631096047927978,0.6757908131708238,0.8239284567149215,0.86558080754879,0.9010296951972022,0.9303240053142783,0.9537364946193772,0.8377725753630987,0.49820313620158224,0.9912133419659762,0.9408271705762913,0.696873305329953,0.17968319316126255,0.17962217314215287,0.5759354968556469,0.5759087185701511,0.7862751075857928,0.7861386262720973,0.9091234542740454,0.909013520508166,0.8777805360976483,0.7237035894422603,0.4076266855017421,0.3601926764020025,0.798940676167408,0.4855113476326694,0.37860895986180376,0.9163709157545225,0.9500387321276028,0.665261481707389,0.48579794388080905,0.5197093083481,0.6038516827921735,0.3410472921430609,0.32093367624596675,0.8461230725017757,0.9880439816893931,0.9880279484402762,0.887048260438238,0.5649366005602267,0.5649366005602267,0.9593276405471728,0.762022905123379,0.9047172197700498,0.5317221438123045,0.006744275914375542,0.020831536173533394,-0.002204317421708692,-0.00212814471384053,0.7903750535922514,0.7002519218294665,0.726013786856451,0.872327942251193,0.8673904061034862,0.8787804379470451,0.8942538070138821,0.9651958780634198,0.9619626880738158,0.5647564552124653,-0.01510791331307195,0.7941379833193549,-0.004174153257093926,0.5703770023693022,0.7923248185008493
0.15427554543235097,0.1998564580859634,0.4747714562080498,0.6516520807948116,0.7021660711052208,0.8756424744332922,0.502323229769572,0.6949477330890079,0.7506802872758833,0.9155640398361005,0.791132168908599,0.9409237613166689,0.5604949654051339,0.5974206263477793,0.7852706874630848,0.8321286522612593,0.8779858322265225,0.9129310773684877,0.932034240433981,0.7983687770204768,0.43280958512804374,0.9867941245215852,0.925418614667668,0.6566601373992197,-0.028949404479209916,-0.029014132175770924,0.46815449584505026,0.46812321661114276,0.7326508000972116,0.732488087641696,0.8862866473340021,0.8861512486086541,0.8467918120832445,0.6646683548112381,0.34793031226797383,0.2898892476951732,0.7534666382240987,0.4282916521301514,0.3163341411122455,0.8797524303572103,0.9245686164983903,0.545513816554062,0.3901534845180055,0.4345368028852932,0.5054484180505826,0.2809052926358068,0.2532559619048893,0.8028508826539188,0.9838269072834086,0.9838079635296872,0.8400003082260208,0.48333660862221545,0.48333660862221545,0.9441319096893929,0.7074520431557736,0.8820514385031047,0.42542836233575504,0.00459885878158289,0.014637832280645453,0.009315217223525823,-0.002128198631872328,0.7379981276207075,0.6355252916613502,0.6695277268495755,0.8429567272523306,0.8345288418673138,0.8515529018477508,0.8698612452832157,0.9568664844950444,0.9523990869737077,0.48314461279654214,-0.024391524450808163,0.7472334686720589,-0.015731364304818318,0.4941894067958181,0.7497916372205411
0.07521675184271838,0.0752613773437953,0.3995647093545884,0.5567344144285705,0.658815000486278,0.8399659233074644,0.41739850166238635,0.5916920439608754,0.7073239350228613,0.8840047697248975,0.75141621022765,0.9171035486848914,0.4973710254776762,0.5223671673581642,0.7493956216534258,0.7993757320534784,0.8561877577838144,0.8958526585309541,0.9078560680105157,0.7617540277513576,0.37631243789643737,0.9816339612165049,0.9106632041385391,0.620187431424579,-0.0330209796959286,-0.03306392925136182,0.36092788743679677,0.360879630915279,0.6798433793985651,0.6796477035627634,0.8641496511335306,0.8639917904169887,0.8187861173874943,0.6112360839575721,0.30443904560369994,0.23974997428927566,0.7113840455913548,0.384649356340631,0.2635358223463422,0.8403332110768863,0.8954409223912964,0.42934909069779,0.3050234092867677,0.36015592956395004,0.41830900726410414,0.2308934506289517,0.20259326544879339,0.7591544168124156,0.9792660495893908,0.9792448758839833,0.7907439605798127,0.4124938333876102,0.4124938333876102,0.9278529003623504,0.654774064148887,0.859642910433502,0.32697994142116654,0.0008453544063444605,0.0183684224001525,-0.0022044291288704073,-0.0021282525526362174,0.6868483059290423,0.5754474496035961,0.6179024889837926,0.8138918171013221,0.8032228226473899,0.8249830544835468,0.8457066001602842,0.9485756989339138,0.943207910530809,0.4123170862280646,-0.021260851148801527,0.7042635886488275,-0.009805946317768082,0.42576905031100326,0.7103183222827462
0.030237496267178577,0.00024193174711123851,0.332040573863148,0.4668969061320953,0.6202159935062489,0.8048843946523184,0.3385383979990156,0.4860963654261828,0.6645724076398534,0.8496685305796352,0.7127100059897991,0.8900915256873057,0.4387471043869599,0.45143053525203575,0.715151657463708,0.7675461614911928,0.8347873970435287,0.8791812435538686,0.8817784986330836,0.7274217392080251,0.32274536758628636,0.9757977397702093,0.8964089962394063,0.5856347521099694,-0.034282978576075686,-0.03429343763706575,0.25748664388056897,0.2574389469911602,0.6286821952619218,0.6284735841677954,0.8422122673991312,0.8420407601229899,0.7916942374461011,0.5621177148880316,0.26742305402835903,0.20051022692225748,0.6719518563937213,0.3565241298626557,0.22021401750918057,0.7993269391527612,0.8634345731447154,0.3212206495825125,0.2284866863967287,0.292720359680325,0.3405817991173807,0.19101289901955087,0.160045166804673,0.7149128993796013,0.9744692132894336,0.9744479172810345,0.7411572634774223,0.34843820591150926,0.34843820591150926,0.9108058413357925,0.6043086792025794,0.8377284231910294,0.23710520525277226,0.0013800630778720271,0.020543597474826675,-0.0022044849866970345,-0.002128306476132577,0.6366168639213253,0.5189131538798832,0.5689535748014584,0.7842213540089851,0.7731826327309922,0.7996546917051548,0.8219749781311826,0.9402772503938912,0.93399286026752,0.34829410084268614,-0.026165015288624263,0.6633032527518579,-0.015679386735496906,0.36252983966458047,0.6725652395527668
0.004270408178314155,-0.036854031033939756,0.2713905157781575,0.38292723110887805,0.5838404875866786,0.7704430793540895,0.26554107634468277,0.38303180674888465,0.6240445047187949,0.8134325335354424,0.6745077385055076,0.8602232592799274,0.38517863213908043,0.3845697311372855,0.6827319284720984,0.7364970942118373,0.814698371408971,0.8628326404860882,0.8542707083291546,0.6952135017893699,0.2768620908150668,0.9693422291729032,0.8826746628616131,0.55360916676692,-0.0357855276415768,-0.03578101049245811,0.15396751260062036,0.15391990278918868,0.5789506750412924,0.5787421915777998,0.8206008364012246,0.820422043649586,0.7655800300129265,0.5176553852793045,0.2382780520484566,0.17979981711615028,0.6353930966568534,0.32839886421645453,0.18907633209280042,0.757668545946723,0.8292748467091148,0.22364135084278391,0.16125202814026948,0.2324988687927449,0.27092411440145475,0.15475809664634982,0.12783712316062437,0.6708466124405608,0.9694938315516142,0.9694733026204594,0.6927734477877111,0.2924336941551501,0.2924336941551501,0.8930572629653385,0.5559762570043566,0.8161697775324578,0.15591142940572722,0.006739030367643708,0.01836355888273968,0.009315051576177836,-0.0021283604023614264,0.5872842645515038,0.4655164947031668,0.5234380898425174,0.7557669111784042,0.743001422039051,0.7751325483481485,0.798965376603893,0.931976938563773,0.924748263270999,0.2923354106991642,-0.027321348897569417,0.6254223823345101,-0.01084940728379977,0.3063079636230591,0.6370253128062002
-0.007234513958326121,-0.04763729640088719,0.2163002086725456,0.3056145275740806,0.550599086758969,0.7366907893598634,0.20053121080039643,0.28741684096807557,0.5857403949605017,0.7761733670143675,0.6365059016821062,0.8278282522085889,0.33559579686099966,0.3211938118632946,0.6518577759861663,0.7057988854748874,0.7954664215270235,0.8465820965876406,0.8257292594261727,0.6652663797249934,0.23006622768543686,0.9623190255763907,0.8696561850475899,0.5252235850547632,-0.03720175789746193,-0.03721212356337833,0.05110067176335037,0.05103874765822811,0.5289843529974013,0.5287682866920371,0.7992289380039613,0.7990373655915596,0.7403840396975206,0.47696602810039324,0.21097697647919292,0.16072430620925982,0.6011304473568633,0.30221320335788177,0.164707598282628,0.7160680667025033,0.7936161830179015,0.13773951952096156,0.10382591053266305,0.1783403868649928,0.20788739525254982,0.11950165549086542,0.09680658052106605,0.6272268022172697,0.9643843741403094,0.9643658835404226,0.6467778271756116,0.24247478487524077,0.24247478487524077,0.8746855365103962,0.5089152576298708,0.7950321366096521,0.08380712941029272,0.008345806687561115,0.01805003869929497,0.009314996354799052,-0.00212841433132309,0.5385094431487687,0.413538562812086,0.47953622314074684,0.7268643568455497,0.7114547084307717,0.7516698986517821,0.7763279518526294,0.9235444096284742,0.9155341468420545,0.24246467325627472,-0.022322230082990103,0.5898057056456053,-0.003523716462300036,0.25452649995401594,0.6035068364380057
-0.008827731990355298,-0.04365456599411667,0.16889411302711899,0.23576299484724708,0.519682732468414,0.7036792338722584,0.14522906521853432,0.2041225580485426,0.5492555381528622,0.7387653882177246,0.5998175342458546,0.7932383277510152,0.2897564176434992,0.2622938073651499,0.6222585520907099,0.6756536415258919,0.7767337476181541,0.8305365874726918,0.7964708839266431,0.6366918357658695,0.18518972109701468,0.9547744286464203,0.856888044954925,0.49562266380746534,-0.032816923985539745,-0.03284491283633533,-0.04987661164118261,-0.04996493028535043,0.4783926304984028,0.47816183278848284,0.7784372823110656,0.7782338673945739,0.7167926520679448,0.43904542120462337,0.19287987953054414,0.1372888663999408,0.5684528010227028,0.27699732867941895,0.13627744922978735,0.6750891065389245,0.7570344678255526,0.06397900780485477,0.054792885583918004,0.1291279236662554,0.15078951479599156,0.0946290136973199,0.06355020247655625,0.5853659904908995,0.9591461516833382,0.9591305240950616,0.6042065067331029,0.19702233010926296,0.19702233010926296,0.8557525749714341,0.46384902917052073,0.7740360846523459,0.02392345100414336,0.0019121371618761253,0.01773651683931783,-0.0022046525771628814,-0.0021284682630178884,0.4912749761219444,0.364562230184423,0.4378523039492221,0.6983693138756415,0.6816347753960673,0.7285700083338187,0.7545869099271253,0.915148391661762,0.9065466490798204,0.19712295283236578,-0.01916492934029424,0.5554896476386759,-2.513552068741838e-05,0.20914224025473588,0.5709057396182228
